ARM GAS  C:\Users\86133\AppData\Local\Temp\ccDgQJpj.s 			page 1


   1              		.cpu cortex-m4
   2              		.arch armv7e-m
   3              		.fpu fpv4-sp-d16
   4              		.eabi_attribute 27, 1
   5              		.eabi_attribute 28, 1
   6              		.eabi_attribute 20, 1
   7              		.eabi_attribute 21, 1
   8              		.eabi_attribute 23, 3
   9              		.eabi_attribute 24, 1
  10              		.eabi_attribute 25, 1
  11              		.eabi_attribute 26, 1
  12              		.eabi_attribute 30, 1
  13              		.eabi_attribute 34, 1
  14              		.eabi_attribute 18, 4
  15              		.file	"lcd.c"
  16              		.text
  17              	.Ltext0:
  18              		.cfi_sections	.debug_frame
  19              		.section	.text.Delay_LCD,"ax",%progbits
  20              		.align	1
  21              		.global	Delay_LCD
  22              		.syntax unified
  23              		.thumb
  24              		.thumb_func
  26              	Delay_LCD:
  27              	.LVL0:
  28              	.LFB329:
  29              		.file 1 "Core/Src/lcd.c"
   1:Core/Src/lcd.c **** ﻿/*
   2:Core/Src/lcd.c ****   ???????: CT117E??????????LCD????????
   3:Core/Src/lcd.c ****   ???????: Keil uVision 4.10 
   4:Core/Src/lcd.c ****   ???????: CT117E??????????
   5:Core/Src/lcd.c ****   ??    ??: 2011-8-9
   6:Core/Src/lcd.c **** */
   7:Core/Src/lcd.c **** #include "lcd.h"
   8:Core/Src/lcd.c **** #include "core_cm4.h"
   9:Core/Src/lcd.c **** #define __nop() __asm volatile ("nop")
  10:Core/Src/lcd.c **** 
  11:Core/Src/lcd.c **** #include "fonts.h"
  12:Core/Src/lcd.c **** //#include "systick.h"
  13:Core/Src/lcd.c **** static  vu16 TextColor = 0x0000, BackColor = 0xFFFF;
  14:Core/Src/lcd.c **** vu16 dummy;
  15:Core/Src/lcd.c **** 
  16:Core/Src/lcd.c **** /*******************************************************************************
  17:Core/Src/lcd.c **** * Function Name  : Delay_LCD
  18:Core/Src/lcd.c **** * Description    : Inserts a delay time.
  19:Core/Src/lcd.c **** * Input          : nCount: specifies the delay time length.
  20:Core/Src/lcd.c **** * Output         : None
  21:Core/Src/lcd.c **** * Return         : None
  22:Core/Src/lcd.c **** *******************************************************************************/
  23:Core/Src/lcd.c **** void Delay_LCD(u16 n)
  24:Core/Src/lcd.c **** {
  30              		.loc 1 24 1 view -0
  31              		.cfi_startproc
  32              		@ args = 0, pretend = 0, frame = 0
  33              		@ frame_needed = 0, uses_anonymous_args = 0
  34              		@ link register save eliminated.
ARM GAS  C:\Users\86133\AppData\Local\Temp\ccDgQJpj.s 			page 2


  25:Core/Src/lcd.c **** 	u16 i,j;
  35              		.loc 1 25 2 view .LVU1
  26:Core/Src/lcd.c **** 	for (i = 0;i<n;++i)
  36              		.loc 1 26 2 view .LVU2
  37              		.loc 1 26 9 is_stmt 0 view .LVU3
  38 0000 0021     		movs	r1, #0
  39              		.loc 1 26 2 view .LVU4
  40 0002 07E0     		b	.L2
  41              	.LVL1:
  42              	.L3:
  27:Core/Src/lcd.c **** 		for(j=0;j<3000;++j);
  43              		.loc 1 27 22 is_stmt 1 discriminator 3 view .LVU5
  44              		.loc 1 27 18 discriminator 3 view .LVU6
  45 0004 0133     		adds	r3, r3, #1
  46              	.LVL2:
  47              		.loc 1 27 18 is_stmt 0 discriminator 3 view .LVU7
  48 0006 9BB2     		uxth	r3, r3
  49              	.LVL3:
  50              	.L4:
  51              		.loc 1 27 11 is_stmt 1 discriminator 1 view .LVU8
  52              		.loc 1 27 3 is_stmt 0 discriminator 1 view .LVU9
  53 0008 40F6B732 		movw	r2, #2999
  54 000c 9342     		cmp	r3, r2
  55 000e F9D9     		bls	.L3
  26:Core/Src/lcd.c **** 	for (i = 0;i<n;++i)
  56              		.loc 1 26 17 is_stmt 1 discriminator 2 view .LVU10
  57 0010 0131     		adds	r1, r1, #1
  58              	.LVL4:
  26:Core/Src/lcd.c **** 	for (i = 0;i<n;++i)
  59              		.loc 1 26 17 is_stmt 0 discriminator 2 view .LVU11
  60 0012 89B2     		uxth	r1, r1
  61              	.LVL5:
  62              	.L2:
  26:Core/Src/lcd.c **** 	for (i = 0;i<n;++i)
  63              		.loc 1 26 13 is_stmt 1 discriminator 1 view .LVU12
  26:Core/Src/lcd.c **** 	for (i = 0;i<n;++i)
  64              		.loc 1 26 2 is_stmt 0 discriminator 1 view .LVU13
  65 0014 8142     		cmp	r1, r0
  66 0016 01D2     		bcs	.L6
  67              		.loc 1 27 8 view .LVU14
  68 0018 0023     		movs	r3, #0
  69 001a F5E7     		b	.L4
  70              	.L6:
  28:Core/Src/lcd.c **** }
  71              		.loc 1 28 1 view .LVU15
  72 001c 7047     		bx	lr
  73              		.cfi_endproc
  74              	.LFE329:
  76              		.section	.text.LCD_SetTextColor,"ax",%progbits
  77              		.align	1
  78              		.global	LCD_SetTextColor
  79              		.syntax unified
  80              		.thumb
  81              		.thumb_func
  83              	LCD_SetTextColor:
  84              	.LVL6:
  85              	.LFB333:
ARM GAS  C:\Users\86133\AppData\Local\Temp\ccDgQJpj.s 			page 3


  29:Core/Src/lcd.c **** 
  30:Core/Src/lcd.c **** /*
  31:Core/Src/lcd.c **** 	uC8230????????????????????
  32:Core/Src/lcd.c **** */
  33:Core/Src/lcd.c **** void REG_8230_Init(void)
  34:Core/Src/lcd.c **** {
  35:Core/Src/lcd.c **** 	LCD_WriteReg(0x0000,0x0001);
  36:Core/Src/lcd.c **** 	Delay_LCD(1000); 
  37:Core/Src/lcd.c **** 	LCD_WriteReg(0x0001,0x0000);
  38:Core/Src/lcd.c **** 	LCD_WriteReg(0x0010,0x1790);
  39:Core/Src/lcd.c **** 	LCD_WriteReg(0x0060,0x2700);
  40:Core/Src/lcd.c **** 	LCD_WriteReg(0x0061,0x0001);
  41:Core/Src/lcd.c **** 	LCD_WriteReg(0x0046,0x0002);
  42:Core/Src/lcd.c **** 	LCD_WriteReg(0x0013,0x8010);
  43:Core/Src/lcd.c **** 	LCD_WriteReg(0x0012,0x80fe);
  44:Core/Src/lcd.c **** 	LCD_WriteReg(0x0002,0x0500);
  45:Core/Src/lcd.c **** 	LCD_WriteReg(0x0003,0x1030);
  46:Core/Src/lcd.c **** 	
  47:Core/Src/lcd.c **** 	LCD_WriteReg(0x0030,0x0303);
  48:Core/Src/lcd.c **** 	LCD_WriteReg(0x0031,0x0303);
  49:Core/Src/lcd.c **** 	LCD_WriteReg(0x0032,0x0303);
  50:Core/Src/lcd.c **** 	LCD_WriteReg(0x0033,0x0300);
  51:Core/Src/lcd.c **** 	LCD_WriteReg(0x0034,0x0003);
  52:Core/Src/lcd.c **** 	LCD_WriteReg(0x0035,0x0303);
  53:Core/Src/lcd.c **** 	LCD_WriteReg(0x0036,0x0014);
  54:Core/Src/lcd.c **** 	LCD_WriteReg(0x0037,0x0303);
  55:Core/Src/lcd.c **** 	LCD_WriteReg(0x0038,0x0303);
  56:Core/Src/lcd.c **** 	LCD_WriteReg(0x0039,0x0303);
  57:Core/Src/lcd.c **** 	LCD_WriteReg(0x003a,0x0300);
  58:Core/Src/lcd.c **** 	LCD_WriteReg(0x003b,0x0003);
  59:Core/Src/lcd.c **** 	LCD_WriteReg(0x003c,0x0303);
  60:Core/Src/lcd.c **** 	LCD_WriteReg(0x003d,0x1400);
  61:Core/Src/lcd.c **** 	  
  62:Core/Src/lcd.c **** 	LCD_WriteReg(0x0092,0x0200);
  63:Core/Src/lcd.c **** 	LCD_WriteReg(0x0093,0x0303);
  64:Core/Src/lcd.c **** 	LCD_WriteReg(0x0090,0x080d); 
  65:Core/Src/lcd.c **** 	LCD_WriteReg(0x0003,0x1018); 
  66:Core/Src/lcd.c **** 	LCD_WriteReg(0x0007,0x0173);
  67:Core/Src/lcd.c **** }
  68:Core/Src/lcd.c **** 
  69:Core/Src/lcd.c **** void REG_932X_Init(void)
  70:Core/Src/lcd.c **** {
  71:Core/Src/lcd.c **** 	LCD_WriteReg(R227, 0x3008);   // Set internal timing
  72:Core/Src/lcd.c **** 	LCD_WriteReg(R231, 0x0012); // Set internal timing
  73:Core/Src/lcd.c **** 	LCD_WriteReg(R239, 0x1231);   // Set internal timing
  74:Core/Src/lcd.c **** 	LCD_WriteReg(R1  , 0x0000); // set SS and SM bit		  //0x0100
  75:Core/Src/lcd.c **** 	LCD_WriteReg(R2  , 0x0700); // set 1 line inversion
  76:Core/Src/lcd.c **** 	LCD_WriteReg(R3  , 0x1030);   // set GRAM write direction and BGR=1.
  77:Core/Src/lcd.c **** 	LCD_WriteReg(R4  , 0x0000);   // Resize register
  78:Core/Src/lcd.c **** 	LCD_WriteReg(R8  , 0x0207);   // set the back porch and front porch
  79:Core/Src/lcd.c **** 	LCD_WriteReg(R9  , 0x0000);   // set non-display area refresh cycle ISC[3:0]
  80:Core/Src/lcd.c **** 	LCD_WriteReg(R10 , 0x0000);   // FMARK function
  81:Core/Src/lcd.c **** 	LCD_WriteReg(R12 , 0x0000); // RGB interface setting
  82:Core/Src/lcd.c **** 	LCD_WriteReg(R13 , 0x0000);   // Frame marker Position
  83:Core/Src/lcd.c **** 	LCD_WriteReg(R15 , 0x0000); // RGB interface polarity
  84:Core/Src/lcd.c **** 	/**************Power On sequence ****************/
  85:Core/Src/lcd.c **** 	LCD_WriteReg(R16 , 0x0000);   // SAP, BT[3:0], AP, DSTB, SLP, STB
ARM GAS  C:\Users\86133\AppData\Local\Temp\ccDgQJpj.s 			page 4


  86:Core/Src/lcd.c **** 	LCD_WriteReg(R17 , 0x0007);   // DC1[2:0], DC0[2:0], VC[2:0]
  87:Core/Src/lcd.c **** 	LCD_WriteReg(R18 , 0x0000); // VREG1OUT voltage
  88:Core/Src/lcd.c **** 	LCD_WriteReg(R19 , 0x0000);   // VDV[4:0] for VCOM amplitude
  89:Core/Src/lcd.c **** //	Delay_Ms(200);                    // Delay 200 MS , Dis-charge capacitor power voltage
  90:Core/Src/lcd.c **** 	HAL_Delay(200);
  91:Core/Src/lcd.c **** 	LCD_WriteReg(R16 , 0x1690);   // SAP, BT[3:0], AP, DSTB, SLP, STB
  92:Core/Src/lcd.c **** 	LCD_WriteReg(R17 , 0x0227); // R11H=0x0221 at VCI=3.3V, DC1[2:0], DC0[2:0], VC[2:0]
  93:Core/Src/lcd.c **** //	Delay_Ms(50);      // Delay 50ms
  94:Core/Src/lcd.c **** 	HAL_Delay(50);
  95:Core/Src/lcd.c **** 	LCD_WriteReg(R18 , 0x001D); // External reference voltage= Vci;
  96:Core/Src/lcd.c **** //	Delay_Ms(50);      // Delay 50ms
  97:Core/Src/lcd.c **** 	HAL_Delay(50);
  98:Core/Src/lcd.c **** 	LCD_WriteReg(R19 , 0x0800); // R13H=1D00 when R12H=009D;VDV[4:0] for VCOM amplitude
  99:Core/Src/lcd.c **** 	LCD_WriteReg(R41 , 0x0014); // R29H=0013 when R12H=009D;VCM[5:0] for VCOMH
 100:Core/Src/lcd.c **** 	LCD_WriteReg(R43 , 0x000B);   // Frame Rate = 96Hz
 101:Core/Src/lcd.c **** //	Delay_Ms(50);      // Delay 50ms
 102:Core/Src/lcd.c **** 	HAL_Delay(50);
 103:Core/Src/lcd.c **** 	LCD_WriteReg(R32 , 0x0000); // GRAM horizontal Address
 104:Core/Src/lcd.c **** 	LCD_WriteReg(R33 , 0x0000); // GRAM Vertical Address
 105:Core/Src/lcd.c **** 	/* ----------- Adjust the Gamma Curve ---------- */
 106:Core/Src/lcd.c **** 	LCD_WriteReg(R48 , 0x0007);
 107:Core/Src/lcd.c **** 	LCD_WriteReg(R49 , 0x0707);
 108:Core/Src/lcd.c **** 	LCD_WriteReg(R50 , 0x0006);
 109:Core/Src/lcd.c **** 	LCD_WriteReg(R53 , 0x0704);
 110:Core/Src/lcd.c **** 	LCD_WriteReg(R54 , 0x1F04);
 111:Core/Src/lcd.c **** 	LCD_WriteReg(R55 , 0x0004);
 112:Core/Src/lcd.c **** 	LCD_WriteReg(R56 , 0x0000);
 113:Core/Src/lcd.c **** 	LCD_WriteReg(R57 , 0x0706);
 114:Core/Src/lcd.c **** 	LCD_WriteReg(R60 , 0x0701);
 115:Core/Src/lcd.c **** 	LCD_WriteReg(R61 , 0x000F);
 116:Core/Src/lcd.c **** 	/* ------------------ Set GRAM area --------------- */
 117:Core/Src/lcd.c **** 	LCD_WriteReg(R80 , 0x0000);   // Horizontal GRAM Start Address
 118:Core/Src/lcd.c **** 	LCD_WriteReg(R81 , 0x00EF);   // Horizontal GRAM End Address
 119:Core/Src/lcd.c **** 	LCD_WriteReg(R82 , 0x0000); // Vertical GRAM Start Address
 120:Core/Src/lcd.c **** 	LCD_WriteReg(R83 , 0x013F); // Vertical GRAM Start Address
 121:Core/Src/lcd.c **** 	LCD_WriteReg(R96 , 0x2700); // Gate Scan Line		  0xA700
 122:Core/Src/lcd.c **** 	LCD_WriteReg(R97 , 0x0001); // NDL,VLE, REV
 123:Core/Src/lcd.c **** 	LCD_WriteReg(R106, 0x0000); // set scrolling line
 124:Core/Src/lcd.c **** 	/* -------------- Partial Display Control --------- */
 125:Core/Src/lcd.c **** 	LCD_WriteReg(R128, 0x0000);   
 126:Core/Src/lcd.c **** 	LCD_WriteReg(R129, 0x0000);
 127:Core/Src/lcd.c **** 	LCD_WriteReg(R130, 0x0000);
 128:Core/Src/lcd.c **** 	LCD_WriteReg(R131, 0x0000);
 129:Core/Src/lcd.c **** 	LCD_WriteReg(R132, 0x0000);
 130:Core/Src/lcd.c **** 	LCD_WriteReg(R133, 0x0000);
 131:Core/Src/lcd.c **** 	/* -------------- Panel Control ------------------- */
 132:Core/Src/lcd.c **** 	LCD_WriteReg(R144, 0x0010);
 133:Core/Src/lcd.c **** 	LCD_WriteReg(R146, 0x0000);
 134:Core/Src/lcd.c **** 	LCD_WriteReg(R147, 0x0003);
 135:Core/Src/lcd.c **** 	LCD_WriteReg(R149, 0x0110);
 136:Core/Src/lcd.c **** 	LCD_WriteReg(R151, 0x0000);
 137:Core/Src/lcd.c **** 	LCD_WriteReg(R152, 0x0000);
 138:Core/Src/lcd.c **** 	   /* Set GRAM write direction and BGR = 1 */
 139:Core/Src/lcd.c **** 	   /* I/D=01 (Horizontal : increment, Vertical : decrement) */
 140:Core/Src/lcd.c **** 	   /* AM=1 (address is updated in vertical writing direction) */
 141:Core/Src/lcd.c **** 	LCD_WriteReg(R3  , 0x01018);  //0x1018
 142:Core/Src/lcd.c **** 	
ARM GAS  C:\Users\86133\AppData\Local\Temp\ccDgQJpj.s 			page 5


 143:Core/Src/lcd.c **** 	LCD_WriteReg(R7  , 0x0173); // 262K color and display ON
 144:Core/Src/lcd.c **** }
 145:Core/Src/lcd.c **** /*******************************************************************************
 146:Core/Src/lcd.c **** * Function Name  : STM3210B_LCD_Init
 147:Core/Src/lcd.c **** * Description    : Initializes the LCD.
 148:Core/Src/lcd.c **** * Input          : None
 149:Core/Src/lcd.c **** * Output         : None
 150:Core/Src/lcd.c **** * Return         : None
 151:Core/Src/lcd.c **** *******************************************************************************/
 152:Core/Src/lcd.c **** void LCD_Init(void)
 153:Core/Src/lcd.c **** { 
 154:Core/Src/lcd.c **** 	LCD_CtrlLinesConfig();
 155:Core/Src/lcd.c **** 	dummy = LCD_ReadReg(0);	
 156:Core/Src/lcd.c **** 	
 157:Core/Src/lcd.c **** 	if(dummy == 0x8230){
 158:Core/Src/lcd.c **** 		REG_8230_Init();
 159:Core/Src/lcd.c **** 	}
 160:Core/Src/lcd.c **** 	else{
 161:Core/Src/lcd.c **** 		REG_932X_Init();	
 162:Core/Src/lcd.c **** 	}
 163:Core/Src/lcd.c **** 	dummy = LCD_ReadReg(0);	
 164:Core/Src/lcd.c **** 
 165:Core/Src/lcd.c **** }
 166:Core/Src/lcd.c **** /*******************************************************************************
 167:Core/Src/lcd.c **** * Function Name  : LCD_SetTextColor
 168:Core/Src/lcd.c **** * Description    : Sets the Text color.
 169:Core/Src/lcd.c **** * Input          : - Color: specifies the Text color code RGB(5-6-5).
 170:Core/Src/lcd.c **** * Output         : - TextColor: Text color global variable used by LCD_DrawChar
 171:Core/Src/lcd.c **** *                  and LCD_DrawPicture functions.
 172:Core/Src/lcd.c **** * Return         : None
 173:Core/Src/lcd.c **** *******************************************************************************/
 174:Core/Src/lcd.c **** void LCD_SetTextColor(vu16 Color)
 175:Core/Src/lcd.c **** {
  86              		.loc 1 175 1 is_stmt 1 view -0
  87              		.cfi_startproc
  88              		@ args = 0, pretend = 0, frame = 8
  89              		@ frame_needed = 0, uses_anonymous_args = 0
  90              		@ link register save eliminated.
  91              		.loc 1 175 1 is_stmt 0 view .LVU17
  92 0000 82B0     		sub	sp, sp, #8
  93              	.LCFI0:
  94              		.cfi_def_cfa_offset 8
  95 0002 ADF80600 		strh	r0, [sp, #6]	@ movhi
 176:Core/Src/lcd.c **** 	TextColor = Color;
  96              		.loc 1 176 2 is_stmt 1 view .LVU18
  97              		.loc 1 176 12 is_stmt 0 view .LVU19
  98 0006 BDF80630 		ldrh	r3, [sp, #6]
  99 000a 9BB2     		uxth	r3, r3
 100 000c 014A     		ldr	r2, .L9
 101 000e 1380     		strh	r3, [r2]	@ movhi
 177:Core/Src/lcd.c **** }
 102              		.loc 1 177 1 view .LVU20
 103 0010 02B0     		add	sp, sp, #8
 104              	.LCFI1:
 105              		.cfi_def_cfa_offset 0
 106              		@ sp needed
 107 0012 7047     		bx	lr
ARM GAS  C:\Users\86133\AppData\Local\Temp\ccDgQJpj.s 			page 6


 108              	.L10:
 109              		.align	2
 110              	.L9:
 111 0014 00000000 		.word	.LANCHOR0
 112              		.cfi_endproc
 113              	.LFE333:
 115              		.section	.text.LCD_SetBackColor,"ax",%progbits
 116              		.align	1
 117              		.global	LCD_SetBackColor
 118              		.syntax unified
 119              		.thumb
 120              		.thumb_func
 122              	LCD_SetBackColor:
 123              	.LVL7:
 124              	.LFB334:
 178:Core/Src/lcd.c **** /*******************************************************************************
 179:Core/Src/lcd.c **** * Function Name  : LCD_SetBackColor
 180:Core/Src/lcd.c **** * Description    : Sets the Background color.
 181:Core/Src/lcd.c **** * Input          : - Color: specifies the Background color code RGB(5-6-5).
 182:Core/Src/lcd.c **** * Output         : - BackColor: Background color global variable used by 
 183:Core/Src/lcd.c **** *                  LCD_DrawChar and LCD_DrawPicture functions.
 184:Core/Src/lcd.c **** * Return         : None
 185:Core/Src/lcd.c **** *******************************************************************************/
 186:Core/Src/lcd.c **** void LCD_SetBackColor(vu16 Color)
 187:Core/Src/lcd.c **** {
 125              		.loc 1 187 1 is_stmt 1 view -0
 126              		.cfi_startproc
 127              		@ args = 0, pretend = 0, frame = 8
 128              		@ frame_needed = 0, uses_anonymous_args = 0
 129              		@ link register save eliminated.
 130              		.loc 1 187 1 is_stmt 0 view .LVU22
 131 0000 82B0     		sub	sp, sp, #8
 132              	.LCFI2:
 133              		.cfi_def_cfa_offset 8
 134 0002 ADF80600 		strh	r0, [sp, #6]	@ movhi
 188:Core/Src/lcd.c **** 	BackColor = Color;
 135              		.loc 1 188 2 is_stmt 1 view .LVU23
 136              		.loc 1 188 12 is_stmt 0 view .LVU24
 137 0006 BDF80630 		ldrh	r3, [sp, #6]
 138 000a 9BB2     		uxth	r3, r3
 139 000c 014A     		ldr	r2, .L13
 140 000e 1380     		strh	r3, [r2]	@ movhi
 189:Core/Src/lcd.c **** }
 141              		.loc 1 189 1 view .LVU25
 142 0010 02B0     		add	sp, sp, #8
 143              	.LCFI3:
 144              		.cfi_def_cfa_offset 0
 145              		@ sp needed
 146 0012 7047     		bx	lr
 147              	.L14:
 148              		.align	2
 149              	.L13:
 150 0014 00000000 		.word	.LANCHOR1
 151              		.cfi_endproc
 152              	.LFE334:
 154              		.section	.text.LCD_WriteReg,"ax",%progbits
 155              		.align	1
ARM GAS  C:\Users\86133\AppData\Local\Temp\ccDgQJpj.s 			page 7


 156              		.global	LCD_WriteReg
 157              		.syntax unified
 158              		.thumb
 159              		.thumb_func
 161              	LCD_WriteReg:
 162              	.LVL8:
 163              	.LFB348:
 190:Core/Src/lcd.c **** /*******************************************************************************
 191:Core/Src/lcd.c **** * Function Name  : LCD_ClearLine
 192:Core/Src/lcd.c **** * Description    : Clears the selected line.
 193:Core/Src/lcd.c **** * Input          : - Line: the Line to be cleared.
 194:Core/Src/lcd.c **** *                    This parameter can be one of the following values:
 195:Core/Src/lcd.c **** *                       - Linex: where x can be 0..9
 196:Core/Src/lcd.c **** * Output         : None
 197:Core/Src/lcd.c **** * Return         : None
 198:Core/Src/lcd.c **** *******************************************************************************/
 199:Core/Src/lcd.c **** void LCD_ClearLine(u8 Line)
 200:Core/Src/lcd.c **** {
 201:Core/Src/lcd.c **** 	LCD_DisplayStringLine(Line, (u8*)"                    ");
 202:Core/Src/lcd.c **** }
 203:Core/Src/lcd.c **** /*******************************************************************************
 204:Core/Src/lcd.c **** * Function Name  : LCD_Clear
 205:Core/Src/lcd.c **** * Description    : Clears the hole LCD.
 206:Core/Src/lcd.c **** * Input          : Color: the color of the background.
 207:Core/Src/lcd.c **** * Output         : None
 208:Core/Src/lcd.c **** * Return         : None
 209:Core/Src/lcd.c **** *******************************************************************************/
 210:Core/Src/lcd.c **** void LCD_Clear(u16 Color)
 211:Core/Src/lcd.c **** {
 212:Core/Src/lcd.c **** 	u32 index = 0;
 213:Core/Src/lcd.c **** 	LCD_SetCursor(0x00, 0x0000); 
 214:Core/Src/lcd.c **** 	LCD_WriteRAM_Prepare(); /* Prepare to write GRAM */
 215:Core/Src/lcd.c **** 	for(index = 0; index < 76800; index++)
 216:Core/Src/lcd.c **** 	{
 217:Core/Src/lcd.c **** 		LCD_WriteRAM(Color);    
 218:Core/Src/lcd.c **** 	}
 219:Core/Src/lcd.c **** }
 220:Core/Src/lcd.c **** /*******************************************************************************
 221:Core/Src/lcd.c **** * Function Name  : LCD_SetCursor
 222:Core/Src/lcd.c **** * Description    : Sets the cursor position.
 223:Core/Src/lcd.c **** * Input          : - Xpos: specifies the X position.
 224:Core/Src/lcd.c **** *                  - Ypos: specifies the Y position. 
 225:Core/Src/lcd.c **** * Output         : None
 226:Core/Src/lcd.c **** * Return         : None
 227:Core/Src/lcd.c **** *******************************************************************************/
 228:Core/Src/lcd.c **** void LCD_SetCursor(u8 Xpos, u16 Ypos)
 229:Core/Src/lcd.c **** { 
 230:Core/Src/lcd.c **** 	LCD_WriteReg(R32, Xpos);
 231:Core/Src/lcd.c **** 	LCD_WriteReg(R33, Ypos);
 232:Core/Src/lcd.c **** }
 233:Core/Src/lcd.c **** /*******************************************************************************
 234:Core/Src/lcd.c **** * Function Name  : LCD_DrawChar
 235:Core/Src/lcd.c **** * Description    : Draws a character on LCD.
 236:Core/Src/lcd.c **** * Input          : - Xpos: the Line where to display the character shape.
 237:Core/Src/lcd.c **** *                    This parameter can be one of the following values:
 238:Core/Src/lcd.c **** *                       - Linex: where x can be 0..9
 239:Core/Src/lcd.c **** *                  - Ypos: start column address.
ARM GAS  C:\Users\86133\AppData\Local\Temp\ccDgQJpj.s 			page 8


 240:Core/Src/lcd.c **** *                  - c: pointer to the character data.
 241:Core/Src/lcd.c **** * Output         : None
 242:Core/Src/lcd.c **** * Return         : None
 243:Core/Src/lcd.c **** *******************************************************************************/
 244:Core/Src/lcd.c **** void LCD_DrawChar(u8 Xpos, u16 Ypos, uc16 *c)
 245:Core/Src/lcd.c **** {
 246:Core/Src/lcd.c **** 	u32 index = 0, i = 0;
 247:Core/Src/lcd.c **** 	u8 Xaddress = 0;
 248:Core/Src/lcd.c ****    
 249:Core/Src/lcd.c **** 	Xaddress = Xpos;
 250:Core/Src/lcd.c **** 	LCD_SetCursor(Xaddress, Ypos);
 251:Core/Src/lcd.c ****   
 252:Core/Src/lcd.c **** 	for(index = 0; index < 24; index++)
 253:Core/Src/lcd.c **** 	{
 254:Core/Src/lcd.c **** 		LCD_WriteRAM_Prepare(); /* Prepare to write GRAM */
 255:Core/Src/lcd.c **** 		for(i = 0; i < 16; i++)
 256:Core/Src/lcd.c **** 		{
 257:Core/Src/lcd.c **** 			if((c[index] & (1 << i)) == 0x00)
 258:Core/Src/lcd.c **** 			{
 259:Core/Src/lcd.c **** 				LCD_WriteRAM(BackColor);
 260:Core/Src/lcd.c **** 			}
 261:Core/Src/lcd.c **** 			else
 262:Core/Src/lcd.c **** 			{
 263:Core/Src/lcd.c **** 				LCD_WriteRAM(TextColor);
 264:Core/Src/lcd.c **** 			}
 265:Core/Src/lcd.c **** 		}
 266:Core/Src/lcd.c **** 		Xaddress++;
 267:Core/Src/lcd.c **** 		LCD_SetCursor(Xaddress, Ypos);
 268:Core/Src/lcd.c **** 	}
 269:Core/Src/lcd.c **** }
 270:Core/Src/lcd.c **** /*******************************************************************************
 271:Core/Src/lcd.c **** * Function Name  : LCD_DisplayChar
 272:Core/Src/lcd.c **** * Description    : Displays one character (16dots width, 24dots height).
 273:Core/Src/lcd.c **** * Input          : - Line: the Line where to display the character shape .
 274:Core/Src/lcd.c **** *                    This parameter can be one of the following values:
 275:Core/Src/lcd.c **** *                       - Linex: where x can be 0..9
 276:Core/Src/lcd.c **** *                  - Column: start column address.
 277:Core/Src/lcd.c **** *                  - Ascii: character ascii code, must be between 0x20 and 0x7E.
 278:Core/Src/lcd.c **** * Output         : None
 279:Core/Src/lcd.c **** * Return         : None
 280:Core/Src/lcd.c **** *******************************************************************************/
 281:Core/Src/lcd.c **** void LCD_DisplayChar(u8 Line, u16 Column, u8 Ascii)
 282:Core/Src/lcd.c **** {
 283:Core/Src/lcd.c **** 	Ascii -= 32;
 284:Core/Src/lcd.c **** 	LCD_DrawChar(Line, Column, &ASCII_Table[Ascii * 24]);
 285:Core/Src/lcd.c **** }
 286:Core/Src/lcd.c **** /*******************************************************************************
 287:Core/Src/lcd.c **** * Function Name  : LCD_DisplayStringLine
 288:Core/Src/lcd.c **** * Description    : Displays a maximum of 20 char on the LCD.
 289:Core/Src/lcd.c **** * Input          : - Line: the Line where to display the character shape .
 290:Core/Src/lcd.c **** *                    This parameter can be one of the following values:
 291:Core/Src/lcd.c **** *                       - Linex: where x can be 0..9
 292:Core/Src/lcd.c **** *                  - *ptr: pointer to string to display on LCD.
 293:Core/Src/lcd.c **** * Output         : None
 294:Core/Src/lcd.c **** * Return         : None
 295:Core/Src/lcd.c **** *******************************************************************************/
 296:Core/Src/lcd.c **** void LCD_DisplayStringLine(u8 Line, u8 *ptr)
ARM GAS  C:\Users\86133\AppData\Local\Temp\ccDgQJpj.s 			page 9


 297:Core/Src/lcd.c **** {
 298:Core/Src/lcd.c **** 	u32 i = 0;
 299:Core/Src/lcd.c **** 	u16 refcolumn = 319;//319;
 300:Core/Src/lcd.c **** 
 301:Core/Src/lcd.c **** 	while ((*ptr != 0) && (i < 20))	 //	20
 302:Core/Src/lcd.c **** 	{
 303:Core/Src/lcd.c **** 		LCD_DisplayChar(Line, refcolumn, *ptr);
 304:Core/Src/lcd.c **** 		refcolumn -= 16;
 305:Core/Src/lcd.c **** 		ptr++;
 306:Core/Src/lcd.c **** 		i++;
 307:Core/Src/lcd.c **** 	}
 308:Core/Src/lcd.c **** }
 309:Core/Src/lcd.c **** /*******************************************************************************
 310:Core/Src/lcd.c **** * Function Name  : LCD_SetDisplayWindow
 311:Core/Src/lcd.c **** * Description    : Sets a display window
 312:Core/Src/lcd.c **** * Input          : - Xpos: specifies the X buttom left position.
 313:Core/Src/lcd.c **** *                  - Ypos: specifies the Y buttom left position.
 314:Core/Src/lcd.c **** *                  - Height: display window height.
 315:Core/Src/lcd.c **** *                  - Width: display window width.
 316:Core/Src/lcd.c **** * Output         : None
 317:Core/Src/lcd.c **** * Return         : None
 318:Core/Src/lcd.c **** *******************************************************************************/
 319:Core/Src/lcd.c **** void LCD_SetDisplayWindow(u8 Xpos, u16 Ypos, u8 Height, u16 Width)
 320:Core/Src/lcd.c **** {
 321:Core/Src/lcd.c **** 	if(Xpos >= Height)
 322:Core/Src/lcd.c **** 	{
 323:Core/Src/lcd.c **** 		LCD_WriteReg(R80, (Xpos - Height + 1));
 324:Core/Src/lcd.c **** 	}
 325:Core/Src/lcd.c **** 	else
 326:Core/Src/lcd.c **** 	{
 327:Core/Src/lcd.c **** 		LCD_WriteReg(R80, 0);
 328:Core/Src/lcd.c **** 	}
 329:Core/Src/lcd.c **** 	LCD_WriteReg(R81, Xpos);
 330:Core/Src/lcd.c **** 	if(Ypos >= Width)
 331:Core/Src/lcd.c **** 	{
 332:Core/Src/lcd.c **** 		LCD_WriteReg(R82, (Ypos - Width + 1));
 333:Core/Src/lcd.c **** 	}  
 334:Core/Src/lcd.c **** 	else
 335:Core/Src/lcd.c **** 	{
 336:Core/Src/lcd.c **** 		LCD_WriteReg(R82, 0);
 337:Core/Src/lcd.c **** 	}
 338:Core/Src/lcd.c **** 	/* Vertical GRAM End Address */
 339:Core/Src/lcd.c **** 	LCD_WriteReg(R83, Ypos);
 340:Core/Src/lcd.c **** 	LCD_SetCursor(Xpos, Ypos);
 341:Core/Src/lcd.c **** }
 342:Core/Src/lcd.c **** /*******************************************************************************
 343:Core/Src/lcd.c **** * Function Name  : LCD_WindowModeDisable
 344:Core/Src/lcd.c **** * Description    : Disables LCD Window mode.
 345:Core/Src/lcd.c **** * Input          : None
 346:Core/Src/lcd.c **** * Output         : None
 347:Core/Src/lcd.c **** * Return         : None
 348:Core/Src/lcd.c **** *******************************************************************************/
 349:Core/Src/lcd.c **** void LCD_WindowModeDisable(void)
 350:Core/Src/lcd.c **** {
 351:Core/Src/lcd.c **** 	LCD_SetDisplayWindow(239, 0x13F, 240, 320);
 352:Core/Src/lcd.c **** 	LCD_WriteReg(R3, 0x1018);    
 353:Core/Src/lcd.c **** }
ARM GAS  C:\Users\86133\AppData\Local\Temp\ccDgQJpj.s 			page 10


 354:Core/Src/lcd.c **** /*******************************************************************************
 355:Core/Src/lcd.c **** * Function Name  : LCD_DrawLine
 356:Core/Src/lcd.c **** * Description    : Displays a line.
 357:Core/Src/lcd.c **** * Input          : - Xpos: specifies the X position.
 358:Core/Src/lcd.c **** *                  - Ypos: specifies the Y position.
 359:Core/Src/lcd.c **** *                  - Length: line length.
 360:Core/Src/lcd.c **** *                  - Direction: line direction.
 361:Core/Src/lcd.c **** *                    This parameter can be one of the following values: Vertical 
 362:Core/Src/lcd.c **** *                    or Horizontal.
 363:Core/Src/lcd.c **** * Output         : None
 364:Core/Src/lcd.c **** * Return         : None
 365:Core/Src/lcd.c **** *******************************************************************************/
 366:Core/Src/lcd.c **** void LCD_DrawLine(u8 Xpos, u16 Ypos, u16 Length, u8 Direction)
 367:Core/Src/lcd.c **** {
 368:Core/Src/lcd.c **** 	u32 i = 0;
 369:Core/Src/lcd.c ****   
 370:Core/Src/lcd.c **** 	LCD_SetCursor(Xpos, Ypos);
 371:Core/Src/lcd.c **** 	if(Direction == Horizontal)
 372:Core/Src/lcd.c **** 	{
 373:Core/Src/lcd.c **** 		LCD_WriteRAM_Prepare(); /* Prepare to write GRAM */
 374:Core/Src/lcd.c **** 		for(i = 0; i < Length; i++)
 375:Core/Src/lcd.c **** 		{
 376:Core/Src/lcd.c **** 			LCD_WriteRAM(TextColor);
 377:Core/Src/lcd.c **** 		}
 378:Core/Src/lcd.c **** 	}
 379:Core/Src/lcd.c **** 	else
 380:Core/Src/lcd.c **** 	{
 381:Core/Src/lcd.c **** 		for(i = 0; i < Length; i++)
 382:Core/Src/lcd.c **** 		{
 383:Core/Src/lcd.c **** 			LCD_WriteRAM_Prepare(); /* Prepare to write GRAM */
 384:Core/Src/lcd.c **** 			LCD_WriteRAM(TextColor);
 385:Core/Src/lcd.c **** 			Xpos++;
 386:Core/Src/lcd.c **** 			LCD_SetCursor(Xpos, Ypos);
 387:Core/Src/lcd.c **** 		}
 388:Core/Src/lcd.c **** 	}
 389:Core/Src/lcd.c **** }
 390:Core/Src/lcd.c **** /*******************************************************************************
 391:Core/Src/lcd.c **** * Function Name  : LCD_DrawRect
 392:Core/Src/lcd.c **** * Description    : Displays a rectangle.
 393:Core/Src/lcd.c **** * Input          : - Xpos: specifies the X position.
 394:Core/Src/lcd.c **** *                  - Ypos: specifies the Y position.
 395:Core/Src/lcd.c **** *                  - Height: display rectangle height.
 396:Core/Src/lcd.c **** *                  - Width: display rectangle width.
 397:Core/Src/lcd.c **** * Output         : None
 398:Core/Src/lcd.c **** * Return         : None
 399:Core/Src/lcd.c **** *******************************************************************************/
 400:Core/Src/lcd.c **** void LCD_DrawRect(u8 Xpos, u16 Ypos, u8 Height, u16 Width)
 401:Core/Src/lcd.c **** {
 402:Core/Src/lcd.c **** 	LCD_DrawLine(Xpos, Ypos, Width, Horizontal);
 403:Core/Src/lcd.c **** 	LCD_DrawLine((Xpos + Height), Ypos, Width, Horizontal);
 404:Core/Src/lcd.c ****   
 405:Core/Src/lcd.c **** 	LCD_DrawLine(Xpos, Ypos, Height, Vertical);
 406:Core/Src/lcd.c **** 	LCD_DrawLine(Xpos, (Ypos - Width + 1), Height, Vertical);
 407:Core/Src/lcd.c **** }
 408:Core/Src/lcd.c **** /*******************************************************************************
 409:Core/Src/lcd.c **** * Function Name  : LCD_DrawCircle
 410:Core/Src/lcd.c **** * Description    : Displays a circle.
ARM GAS  C:\Users\86133\AppData\Local\Temp\ccDgQJpj.s 			page 11


 411:Core/Src/lcd.c **** * Input          : - Xpos: specifies the X position.
 412:Core/Src/lcd.c **** *                  - Ypos: specifies the Y position.
 413:Core/Src/lcd.c **** *                  - Height: display rectangle height.
 414:Core/Src/lcd.c **** *                  - Width: display rectangle width.
 415:Core/Src/lcd.c **** * Output         : None
 416:Core/Src/lcd.c **** * Return         : None
 417:Core/Src/lcd.c **** *******************************************************************************/
 418:Core/Src/lcd.c **** void LCD_DrawCircle(u8 Xpos, u16 Ypos, u16 Radius)
 419:Core/Src/lcd.c **** {
 420:Core/Src/lcd.c **** 	s32  D;
 421:Core/Src/lcd.c **** 	u32  CurX;
 422:Core/Src/lcd.c **** 	u32  CurY;
 423:Core/Src/lcd.c ****   
 424:Core/Src/lcd.c ****   	D = 3 - (Radius << 1);
 425:Core/Src/lcd.c ****   	CurX = 0;
 426:Core/Src/lcd.c ****   	CurY = Radius;
 427:Core/Src/lcd.c ****   
 428:Core/Src/lcd.c ****   	while (CurX <= CurY)
 429:Core/Src/lcd.c ****   	{
 430:Core/Src/lcd.c **** 	    LCD_SetCursor(Xpos + CurX, Ypos + CurY);
 431:Core/Src/lcd.c **** 	    LCD_WriteRAM_Prepare(); /* Prepare to write GRAM */
 432:Core/Src/lcd.c **** 	    LCD_WriteRAM(TextColor);
 433:Core/Src/lcd.c **** 	
 434:Core/Src/lcd.c **** 	    LCD_SetCursor(Xpos + CurX, Ypos - CurY);
 435:Core/Src/lcd.c **** 	    LCD_WriteRAM_Prepare(); /* Prepare to write GRAM */
 436:Core/Src/lcd.c **** 	    LCD_WriteRAM(TextColor);
 437:Core/Src/lcd.c **** 	
 438:Core/Src/lcd.c **** 	    LCD_SetCursor(Xpos - CurX, Ypos + CurY);
 439:Core/Src/lcd.c **** 	    LCD_WriteRAM_Prepare(); /* Prepare to write GRAM */
 440:Core/Src/lcd.c **** 	    LCD_WriteRAM(TextColor);
 441:Core/Src/lcd.c **** 	
 442:Core/Src/lcd.c **** 	    LCD_SetCursor(Xpos - CurX, Ypos - CurY);
 443:Core/Src/lcd.c **** 	    LCD_WriteRAM_Prepare(); /* Prepare to write GRAM */
 444:Core/Src/lcd.c **** 	    LCD_WriteRAM(TextColor);
 445:Core/Src/lcd.c **** 	
 446:Core/Src/lcd.c **** 	    LCD_SetCursor(Xpos + CurY, Ypos + CurX);
 447:Core/Src/lcd.c **** 	    LCD_WriteRAM_Prepare(); /* Prepare to write GRAM */
 448:Core/Src/lcd.c **** 	    LCD_WriteRAM(TextColor);
 449:Core/Src/lcd.c **** 	
 450:Core/Src/lcd.c **** 	    LCD_SetCursor(Xpos + CurY, Ypos - CurX);
 451:Core/Src/lcd.c **** 	    LCD_WriteRAM_Prepare(); /* Prepare to write GRAM */
 452:Core/Src/lcd.c **** 	    LCD_WriteRAM(TextColor);
 453:Core/Src/lcd.c **** 	
 454:Core/Src/lcd.c **** 	    LCD_SetCursor(Xpos - CurY, Ypos + CurX);
 455:Core/Src/lcd.c **** 	    LCD_WriteRAM_Prepare(); /* Prepare to write GRAM */
 456:Core/Src/lcd.c **** 	    LCD_WriteRAM(TextColor);
 457:Core/Src/lcd.c **** 	
 458:Core/Src/lcd.c **** 	    LCD_SetCursor(Xpos - CurY, Ypos - CurX);
 459:Core/Src/lcd.c **** 	    LCD_WriteRAM_Prepare(); /* Prepare to write GRAM */
 460:Core/Src/lcd.c **** 	    LCD_WriteRAM(TextColor);
 461:Core/Src/lcd.c **** 
 462:Core/Src/lcd.c **** 	    if (D < 0)
 463:Core/Src/lcd.c **** 	    { 
 464:Core/Src/lcd.c **** 	      D += (CurX << 2) + 6;
 465:Core/Src/lcd.c **** 	    }
 466:Core/Src/lcd.c **** 	    else
 467:Core/Src/lcd.c **** 	    {
ARM GAS  C:\Users\86133\AppData\Local\Temp\ccDgQJpj.s 			page 12


 468:Core/Src/lcd.c **** 	      D += ((CurX - CurY) << 2) + 10;
 469:Core/Src/lcd.c **** 	      CurY--;
 470:Core/Src/lcd.c **** 	    }
 471:Core/Src/lcd.c **** 	    CurX++;
 472:Core/Src/lcd.c ****   	}
 473:Core/Src/lcd.c **** }
 474:Core/Src/lcd.c **** /*******************************************************************************
 475:Core/Src/lcd.c **** * Function Name  : LCD_DrawMonoPict
 476:Core/Src/lcd.c **** * Description    : Displays a monocolor picture.
 477:Core/Src/lcd.c **** * Input          : - Pict: pointer to the picture array.
 478:Core/Src/lcd.c **** * Output         : None
 479:Core/Src/lcd.c **** * Return         : None
 480:Core/Src/lcd.c **** *******************************************************************************/
 481:Core/Src/lcd.c **** void LCD_DrawMonoPict(uc32 *Pict)
 482:Core/Src/lcd.c **** {
 483:Core/Src/lcd.c **** 	u32 index = 0, i = 0;
 484:Core/Src/lcd.c **** 
 485:Core/Src/lcd.c **** 	LCD_SetCursor(0, 319); 
 486:Core/Src/lcd.c **** 
 487:Core/Src/lcd.c **** 	LCD_WriteRAM_Prepare(); /* Prepare to write GRAM */
 488:Core/Src/lcd.c **** 	for(index = 0; index < 2400; index++)
 489:Core/Src/lcd.c **** 	{
 490:Core/Src/lcd.c **** 		for(i = 0; i < 32; i++)
 491:Core/Src/lcd.c **** 		{
 492:Core/Src/lcd.c **** 			if((Pict[index] & (1 << i)) == 0x00)
 493:Core/Src/lcd.c **** 			{
 494:Core/Src/lcd.c **** 				LCD_WriteRAM(BackColor);
 495:Core/Src/lcd.c **** 			}
 496:Core/Src/lcd.c **** 			else
 497:Core/Src/lcd.c **** 			{
 498:Core/Src/lcd.c **** 				LCD_WriteRAM(TextColor);
 499:Core/Src/lcd.c **** 			}
 500:Core/Src/lcd.c **** 		}
 501:Core/Src/lcd.c **** 	}
 502:Core/Src/lcd.c **** }
 503:Core/Src/lcd.c **** /*******************************************************************************
 504:Core/Src/lcd.c **** * Function Name  : LCD_WriteBMP
 505:Core/Src/lcd.c **** * Description    : Displays a bitmap picture loaded in the internal Flash.
 506:Core/Src/lcd.c **** * Input          : - BmpAddress: Bmp picture address in the internal Flash.
 507:Core/Src/lcd.c **** * Output         : None
 508:Core/Src/lcd.c **** * Return         : None
 509:Core/Src/lcd.c **** *******************************************************************************/
 510:Core/Src/lcd.c **** void LCD_WriteBMP(u32 BmpAddress)
 511:Core/Src/lcd.c **** {
 512:Core/Src/lcd.c **** 	u32 index = 0, size = 0;
 513:Core/Src/lcd.c **** 
 514:Core/Src/lcd.c **** 	size = *(vu16 *) (BmpAddress + 2);
 515:Core/Src/lcd.c **** 	size |= (*(vu16 *) (BmpAddress + 4)) << 16;
 516:Core/Src/lcd.c **** 
 517:Core/Src/lcd.c **** 	index = *(vu16 *) (BmpAddress + 10);
 518:Core/Src/lcd.c **** 	index |= (*(vu16 *) (BmpAddress + 12)) << 16;
 519:Core/Src/lcd.c **** 	size = (size - index)/2;
 520:Core/Src/lcd.c **** 	BmpAddress += index;
 521:Core/Src/lcd.c **** 
 522:Core/Src/lcd.c **** 	LCD_WriteReg(R3, 0x1008);
 523:Core/Src/lcd.c **** 	LCD_WriteRAM_Prepare();
 524:Core/Src/lcd.c **** 	for(index = 0; index < size; index++)
ARM GAS  C:\Users\86133\AppData\Local\Temp\ccDgQJpj.s 			page 13


 525:Core/Src/lcd.c **** 	{
 526:Core/Src/lcd.c **** 		LCD_WriteRAM(*(vu16 *)BmpAddress);
 527:Core/Src/lcd.c **** 		BmpAddress += 2;
 528:Core/Src/lcd.c **** 	}
 529:Core/Src/lcd.c **** 	LCD_WriteReg(R3, 0x1018);
 530:Core/Src/lcd.c **** }
 531:Core/Src/lcd.c **** /*******************************************************************************
 532:Core/Src/lcd.c **** * Function Name  : LCD_WriteReg
 533:Core/Src/lcd.c **** * Description    : Writes to the selected LCD register.
 534:Core/Src/lcd.c **** * Input          : - LCD_Reg: address of the selected register.
 535:Core/Src/lcd.c **** *                  - LCD_RegValue: value to write to the selected register.
 536:Core/Src/lcd.c **** * Output         : None
 537:Core/Src/lcd.c **** * Return         : None
 538:Core/Src/lcd.c **** *******************************************************************************/
 539:Core/Src/lcd.c **** void LCD_WriteReg(u8 LCD_Reg, u16 LCD_RegValue)
 540:Core/Src/lcd.c **** {
 164              		.loc 1 540 1 is_stmt 1 view -0
 165              		.cfi_startproc
 166              		@ args = 0, pretend = 0, frame = 0
 167              		@ frame_needed = 0, uses_anonymous_args = 0
 168              		@ link register save eliminated.
 169              		.loc 1 540 1 is_stmt 0 view .LVU27
 170 0000 10B4     		push	{r4}
 171              	.LCFI4:
 172              		.cfi_def_cfa_offset 4
 173              		.cfi_offset 4, -4
 541:Core/Src/lcd.c **** 	GPIOB->BRR  |= GPIO_PIN_9;  	
 174              		.loc 1 541 2 is_stmt 1 view .LVU28
 175              		.loc 1 541 14 is_stmt 0 view .LVU29
 176 0002 184B     		ldr	r3, .L17
 177 0004 9A6A     		ldr	r2, [r3, #40]
 178 0006 42F40072 		orr	r2, r2, #512
 179 000a 9A62     		str	r2, [r3, #40]
 542:Core/Src/lcd.c **** 	GPIOB->BRR  |= GPIO_PIN_8;  	
 180              		.loc 1 542 2 is_stmt 1 view .LVU30
 181              		.loc 1 542 14 is_stmt 0 view .LVU31
 182 000c 9A6A     		ldr	r2, [r3, #40]
 183 000e 42F48072 		orr	r2, r2, #256
 184 0012 9A62     		str	r2, [r3, #40]
 543:Core/Src/lcd.c **** 	GPIOB->BSRR |= GPIO_PIN_5; 	
 185              		.loc 1 543 2 is_stmt 1 view .LVU32
 186              		.loc 1 543 14 is_stmt 0 view .LVU33
 187 0014 9A69     		ldr	r2, [r3, #24]
 188 0016 42F02002 		orr	r2, r2, #32
 189 001a 9A61     		str	r2, [r3, #24]
 544:Core/Src/lcd.c **** 	
 545:Core/Src/lcd.c **** 	GPIOC->ODR = LCD_Reg; 
 190              		.loc 1 545 2 is_stmt 1 view .LVU34
 191              		.loc 1 545 13 is_stmt 0 view .LVU35
 192 001c 124C     		ldr	r4, .L17+4
 193 001e 6061     		str	r0, [r4, #20]
 546:Core/Src/lcd.c **** 	GPIOB->BRR  |= GPIO_PIN_5; 
 194              		.loc 1 546 2 is_stmt 1 view .LVU36
 195              		.loc 1 546 14 is_stmt 0 view .LVU37
 196 0020 9A6A     		ldr	r2, [r3, #40]
 197 0022 42F02002 		orr	r2, r2, #32
 198 0026 9A62     		str	r2, [r3, #40]
ARM GAS  C:\Users\86133\AppData\Local\Temp\ccDgQJpj.s 			page 14


 547:Core/Src/lcd.c **** 	__nop();
 199              		.loc 1 547 2 is_stmt 1 view .LVU38
 200              		.syntax unified
 201              	@ 547 "Core/Src/lcd.c" 1
 202 0028 00BF     		nop
 203              	@ 0 "" 2
 548:Core/Src/lcd.c **** 	__nop();
 204              		.loc 1 548 2 view .LVU39
 205              	@ 548 "Core/Src/lcd.c" 1
 206 002a 00BF     		nop
 207              	@ 0 "" 2
 549:Core/Src/lcd.c **** 	__nop();	
 208              		.loc 1 549 2 view .LVU40
 209              	@ 549 "Core/Src/lcd.c" 1
 210 002c 00BF     		nop
 211              	@ 0 "" 2
 550:Core/Src/lcd.c **** 	GPIOB->BSRR |= GPIO_PIN_5; 
 212              		.loc 1 550 2 view .LVU41
 213              		.loc 1 550 14 is_stmt 0 view .LVU42
 214              		.thumb
 215              		.syntax unified
 216 002e 9A69     		ldr	r2, [r3, #24]
 217 0030 42F02002 		orr	r2, r2, #32
 218 0034 9A61     		str	r2, [r3, #24]
 551:Core/Src/lcd.c **** 	GPIOB->BSRR |= GPIO_PIN_8; 
 219              		.loc 1 551 2 is_stmt 1 view .LVU43
 220              		.loc 1 551 14 is_stmt 0 view .LVU44
 221 0036 9A69     		ldr	r2, [r3, #24]
 222 0038 42F48072 		orr	r2, r2, #256
 223 003c 9A61     		str	r2, [r3, #24]
 552:Core/Src/lcd.c **** 
 553:Core/Src/lcd.c **** 	GPIOC->ODR = LCD_RegValue; 
 224              		.loc 1 553 2 is_stmt 1 view .LVU45
 225              		.loc 1 553 13 is_stmt 0 view .LVU46
 226 003e 6161     		str	r1, [r4, #20]
 554:Core/Src/lcd.c **** 	GPIOB->BRR  |= GPIO_PIN_5; 
 227              		.loc 1 554 2 is_stmt 1 view .LVU47
 228              		.loc 1 554 14 is_stmt 0 view .LVU48
 229 0040 9A6A     		ldr	r2, [r3, #40]
 230 0042 42F02002 		orr	r2, r2, #32
 231 0046 9A62     		str	r2, [r3, #40]
 555:Core/Src/lcd.c **** 	__nop();
 232              		.loc 1 555 2 is_stmt 1 view .LVU49
 233              		.syntax unified
 234              	@ 555 "Core/Src/lcd.c" 1
 235 0048 00BF     		nop
 236              	@ 0 "" 2
 556:Core/Src/lcd.c **** 	__nop();
 237              		.loc 1 556 2 view .LVU50
 238              	@ 556 "Core/Src/lcd.c" 1
 239 004a 00BF     		nop
 240              	@ 0 "" 2
 557:Core/Src/lcd.c **** 	__nop();  
 241              		.loc 1 557 2 view .LVU51
 242              	@ 557 "Core/Src/lcd.c" 1
 243 004c 00BF     		nop
 244              	@ 0 "" 2
ARM GAS  C:\Users\86133\AppData\Local\Temp\ccDgQJpj.s 			page 15


 558:Core/Src/lcd.c **** 	GPIOB->BSRR |= GPIO_PIN_5; 
 245              		.loc 1 558 2 view .LVU52
 246              		.loc 1 558 14 is_stmt 0 view .LVU53
 247              		.thumb
 248              		.syntax unified
 249 004e 9A69     		ldr	r2, [r3, #24]
 250 0050 42F02002 		orr	r2, r2, #32
 251 0054 9A61     		str	r2, [r3, #24]
 559:Core/Src/lcd.c **** 	GPIOB->BSRR |= GPIO_PIN_8; 
 252              		.loc 1 559 2 is_stmt 1 view .LVU54
 253              		.loc 1 559 14 is_stmt 0 view .LVU55
 254 0056 9A69     		ldr	r2, [r3, #24]
 255 0058 42F48072 		orr	r2, r2, #256
 256 005c 9A61     		str	r2, [r3, #24]
 560:Core/Src/lcd.c **** }
 257              		.loc 1 560 1 view .LVU56
 258 005e 5DF8044B 		ldr	r4, [sp], #4
 259              	.LCFI5:
 260              		.cfi_restore 4
 261              		.cfi_def_cfa_offset 0
 262 0062 7047     		bx	lr
 263              	.L18:
 264              		.align	2
 265              	.L17:
 266 0064 00040048 		.word	1207960576
 267 0068 00080048 		.word	1207961600
 268              		.cfi_endproc
 269              	.LFE348:
 271              		.section	.text.REG_8230_Init,"ax",%progbits
 272              		.align	1
 273              		.global	REG_8230_Init
 274              		.syntax unified
 275              		.thumb
 276              		.thumb_func
 278              	REG_8230_Init:
 279              	.LFB330:
  34:Core/Src/lcd.c **** 	LCD_WriteReg(0x0000,0x0001);
 280              		.loc 1 34 1 is_stmt 1 view -0
 281              		.cfi_startproc
 282              		@ args = 0, pretend = 0, frame = 0
 283              		@ frame_needed = 0, uses_anonymous_args = 0
 284 0000 08B5     		push	{r3, lr}
 285              	.LCFI6:
 286              		.cfi_def_cfa_offset 8
 287              		.cfi_offset 3, -8
 288              		.cfi_offset 14, -4
  35:Core/Src/lcd.c **** 	Delay_LCD(1000); 
 289              		.loc 1 35 2 view .LVU58
 290 0002 0121     		movs	r1, #1
 291 0004 0020     		movs	r0, #0
 292 0006 FFF7FEFF 		bl	LCD_WriteReg
 293              	.LVL9:
  36:Core/Src/lcd.c **** 	LCD_WriteReg(0x0001,0x0000);
 294              		.loc 1 36 2 view .LVU59
  37:Core/Src/lcd.c **** 	LCD_WriteReg(0x0010,0x1790);
 295              		.loc 1 37 2 view .LVU60
 296 000a 0021     		movs	r1, #0
ARM GAS  C:\Users\86133\AppData\Local\Temp\ccDgQJpj.s 			page 16


 297 000c 0120     		movs	r0, #1
 298 000e FFF7FEFF 		bl	LCD_WriteReg
 299              	.LVL10:
  38:Core/Src/lcd.c **** 	LCD_WriteReg(0x0060,0x2700);
 300              		.loc 1 38 2 view .LVU61
 301 0012 41F29071 		movw	r1, #6032
 302 0016 1020     		movs	r0, #16
 303 0018 FFF7FEFF 		bl	LCD_WriteReg
 304              	.LVL11:
  39:Core/Src/lcd.c **** 	LCD_WriteReg(0x0061,0x0001);
 305              		.loc 1 39 2 view .LVU62
 306 001c 4FF41C51 		mov	r1, #9984
 307 0020 6020     		movs	r0, #96
 308 0022 FFF7FEFF 		bl	LCD_WriteReg
 309              	.LVL12:
  40:Core/Src/lcd.c **** 	LCD_WriteReg(0x0046,0x0002);
 310              		.loc 1 40 2 view .LVU63
 311 0026 0121     		movs	r1, #1
 312 0028 6120     		movs	r0, #97
 313 002a FFF7FEFF 		bl	LCD_WriteReg
 314              	.LVL13:
  41:Core/Src/lcd.c **** 	LCD_WriteReg(0x0013,0x8010);
 315              		.loc 1 41 2 view .LVU64
 316 002e 0221     		movs	r1, #2
 317 0030 4620     		movs	r0, #70
 318 0032 FFF7FEFF 		bl	LCD_WriteReg
 319              	.LVL14:
  42:Core/Src/lcd.c **** 	LCD_WriteReg(0x0012,0x80fe);
 320              		.loc 1 42 2 view .LVU65
 321 0036 48F21001 		movw	r1, #32784
 322 003a 1320     		movs	r0, #19
 323 003c FFF7FEFF 		bl	LCD_WriteReg
 324              	.LVL15:
  43:Core/Src/lcd.c **** 	LCD_WriteReg(0x0002,0x0500);
 325              		.loc 1 43 2 view .LVU66
 326 0040 48F2FE01 		movw	r1, #33022
 327 0044 1220     		movs	r0, #18
 328 0046 FFF7FEFF 		bl	LCD_WriteReg
 329              	.LVL16:
  44:Core/Src/lcd.c **** 	LCD_WriteReg(0x0003,0x1030);
 330              		.loc 1 44 2 view .LVU67
 331 004a 4FF4A061 		mov	r1, #1280
 332 004e 0220     		movs	r0, #2
 333 0050 FFF7FEFF 		bl	LCD_WriteReg
 334              	.LVL17:
  45:Core/Src/lcd.c **** 	
 335              		.loc 1 45 2 view .LVU68
 336 0054 41F23001 		movw	r1, #4144
 337 0058 0320     		movs	r0, #3
 338 005a FFF7FEFF 		bl	LCD_WriteReg
 339              	.LVL18:
  47:Core/Src/lcd.c **** 	LCD_WriteReg(0x0031,0x0303);
 340              		.loc 1 47 2 view .LVU69
 341 005e 40F20331 		movw	r1, #771
 342 0062 3020     		movs	r0, #48
 343 0064 FFF7FEFF 		bl	LCD_WriteReg
 344              	.LVL19:
ARM GAS  C:\Users\86133\AppData\Local\Temp\ccDgQJpj.s 			page 17


  48:Core/Src/lcd.c **** 	LCD_WriteReg(0x0032,0x0303);
 345              		.loc 1 48 2 view .LVU70
 346 0068 40F20331 		movw	r1, #771
 347 006c 3120     		movs	r0, #49
 348 006e FFF7FEFF 		bl	LCD_WriteReg
 349              	.LVL20:
  49:Core/Src/lcd.c **** 	LCD_WriteReg(0x0033,0x0300);
 350              		.loc 1 49 2 view .LVU71
 351 0072 40F20331 		movw	r1, #771
 352 0076 3220     		movs	r0, #50
 353 0078 FFF7FEFF 		bl	LCD_WriteReg
 354              	.LVL21:
  50:Core/Src/lcd.c **** 	LCD_WriteReg(0x0034,0x0003);
 355              		.loc 1 50 2 view .LVU72
 356 007c 4FF44071 		mov	r1, #768
 357 0080 3320     		movs	r0, #51
 358 0082 FFF7FEFF 		bl	LCD_WriteReg
 359              	.LVL22:
  51:Core/Src/lcd.c **** 	LCD_WriteReg(0x0035,0x0303);
 360              		.loc 1 51 2 view .LVU73
 361 0086 0321     		movs	r1, #3
 362 0088 3420     		movs	r0, #52
 363 008a FFF7FEFF 		bl	LCD_WriteReg
 364              	.LVL23:
  52:Core/Src/lcd.c **** 	LCD_WriteReg(0x0036,0x0014);
 365              		.loc 1 52 2 view .LVU74
 366 008e 40F20331 		movw	r1, #771
 367 0092 3520     		movs	r0, #53
 368 0094 FFF7FEFF 		bl	LCD_WriteReg
 369              	.LVL24:
  53:Core/Src/lcd.c **** 	LCD_WriteReg(0x0037,0x0303);
 370              		.loc 1 53 2 view .LVU75
 371 0098 1421     		movs	r1, #20
 372 009a 3620     		movs	r0, #54
 373 009c FFF7FEFF 		bl	LCD_WriteReg
 374              	.LVL25:
  54:Core/Src/lcd.c **** 	LCD_WriteReg(0x0038,0x0303);
 375              		.loc 1 54 2 view .LVU76
 376 00a0 40F20331 		movw	r1, #771
 377 00a4 3720     		movs	r0, #55
 378 00a6 FFF7FEFF 		bl	LCD_WriteReg
 379              	.LVL26:
  55:Core/Src/lcd.c **** 	LCD_WriteReg(0x0039,0x0303);
 380              		.loc 1 55 2 view .LVU77
 381 00aa 40F20331 		movw	r1, #771
 382 00ae 3820     		movs	r0, #56
 383 00b0 FFF7FEFF 		bl	LCD_WriteReg
 384              	.LVL27:
  56:Core/Src/lcd.c **** 	LCD_WriteReg(0x003a,0x0300);
 385              		.loc 1 56 2 view .LVU78
 386 00b4 40F20331 		movw	r1, #771
 387 00b8 3920     		movs	r0, #57
 388 00ba FFF7FEFF 		bl	LCD_WriteReg
 389              	.LVL28:
  57:Core/Src/lcd.c **** 	LCD_WriteReg(0x003b,0x0003);
 390              		.loc 1 57 2 view .LVU79
 391 00be 4FF44071 		mov	r1, #768
ARM GAS  C:\Users\86133\AppData\Local\Temp\ccDgQJpj.s 			page 18


 392 00c2 3A20     		movs	r0, #58
 393 00c4 FFF7FEFF 		bl	LCD_WriteReg
 394              	.LVL29:
  58:Core/Src/lcd.c **** 	LCD_WriteReg(0x003c,0x0303);
 395              		.loc 1 58 2 view .LVU80
 396 00c8 0321     		movs	r1, #3
 397 00ca 3B20     		movs	r0, #59
 398 00cc FFF7FEFF 		bl	LCD_WriteReg
 399              	.LVL30:
  59:Core/Src/lcd.c **** 	LCD_WriteReg(0x003d,0x1400);
 400              		.loc 1 59 2 view .LVU81
 401 00d0 40F20331 		movw	r1, #771
 402 00d4 3C20     		movs	r0, #60
 403 00d6 FFF7FEFF 		bl	LCD_WriteReg
 404              	.LVL31:
  60:Core/Src/lcd.c **** 	  
 405              		.loc 1 60 2 view .LVU82
 406 00da 4FF4A051 		mov	r1, #5120
 407 00de 3D20     		movs	r0, #61
 408 00e0 FFF7FEFF 		bl	LCD_WriteReg
 409              	.LVL32:
  62:Core/Src/lcd.c **** 	LCD_WriteReg(0x0093,0x0303);
 410              		.loc 1 62 2 view .LVU83
 411 00e4 4FF40071 		mov	r1, #512
 412 00e8 9220     		movs	r0, #146
 413 00ea FFF7FEFF 		bl	LCD_WriteReg
 414              	.LVL33:
  63:Core/Src/lcd.c **** 	LCD_WriteReg(0x0090,0x080d); 
 415              		.loc 1 63 2 view .LVU84
 416 00ee 40F20331 		movw	r1, #771
 417 00f2 9320     		movs	r0, #147
 418 00f4 FFF7FEFF 		bl	LCD_WriteReg
 419              	.LVL34:
  64:Core/Src/lcd.c **** 	LCD_WriteReg(0x0003,0x1018); 
 420              		.loc 1 64 2 view .LVU85
 421 00f8 40F60D01 		movw	r1, #2061
 422 00fc 9020     		movs	r0, #144
 423 00fe FFF7FEFF 		bl	LCD_WriteReg
 424              	.LVL35:
  65:Core/Src/lcd.c **** 	LCD_WriteReg(0x0007,0x0173);
 425              		.loc 1 65 2 view .LVU86
 426 0102 41F21801 		movw	r1, #4120
 427 0106 0320     		movs	r0, #3
 428 0108 FFF7FEFF 		bl	LCD_WriteReg
 429              	.LVL36:
  66:Core/Src/lcd.c **** }
 430              		.loc 1 66 2 view .LVU87
 431 010c 40F27311 		movw	r1, #371
 432 0110 0720     		movs	r0, #7
 433 0112 FFF7FEFF 		bl	LCD_WriteReg
 434              	.LVL37:
  67:Core/Src/lcd.c **** 
 435              		.loc 1 67 1 is_stmt 0 view .LVU88
 436 0116 08BD     		pop	{r3, pc}
 437              		.cfi_endproc
 438              	.LFE330:
 440              		.section	.text.REG_932X_Init,"ax",%progbits
ARM GAS  C:\Users\86133\AppData\Local\Temp\ccDgQJpj.s 			page 19


 441              		.align	1
 442              		.global	REG_932X_Init
 443              		.syntax unified
 444              		.thumb
 445              		.thumb_func
 447              	REG_932X_Init:
 448              	.LFB331:
  70:Core/Src/lcd.c **** 	LCD_WriteReg(R227, 0x3008);   // Set internal timing
 449              		.loc 1 70 1 is_stmt 1 view -0
 450              		.cfi_startproc
 451              		@ args = 0, pretend = 0, frame = 0
 452              		@ frame_needed = 0, uses_anonymous_args = 0
 453 0000 08B5     		push	{r3, lr}
 454              	.LCFI7:
 455              		.cfi_def_cfa_offset 8
 456              		.cfi_offset 3, -8
 457              		.cfi_offset 14, -4
  71:Core/Src/lcd.c **** 	LCD_WriteReg(R231, 0x0012); // Set internal timing
 458              		.loc 1 71 2 view .LVU90
 459 0002 43F20801 		movw	r1, #12296
 460 0006 E320     		movs	r0, #227
 461 0008 FFF7FEFF 		bl	LCD_WriteReg
 462              	.LVL38:
  72:Core/Src/lcd.c **** 	LCD_WriteReg(R239, 0x1231);   // Set internal timing
 463              		.loc 1 72 2 view .LVU91
 464 000c 1221     		movs	r1, #18
 465 000e E720     		movs	r0, #231
 466 0010 FFF7FEFF 		bl	LCD_WriteReg
 467              	.LVL39:
  73:Core/Src/lcd.c **** 	LCD_WriteReg(R1  , 0x0000); // set SS and SM bit		  //0x0100
 468              		.loc 1 73 2 view .LVU92
 469 0014 41F23121 		movw	r1, #4657
 470 0018 EF20     		movs	r0, #239
 471 001a FFF7FEFF 		bl	LCD_WriteReg
 472              	.LVL40:
  74:Core/Src/lcd.c **** 	LCD_WriteReg(R2  , 0x0700); // set 1 line inversion
 473              		.loc 1 74 2 view .LVU93
 474 001e 0021     		movs	r1, #0
 475 0020 0120     		movs	r0, #1
 476 0022 FFF7FEFF 		bl	LCD_WriteReg
 477              	.LVL41:
  75:Core/Src/lcd.c **** 	LCD_WriteReg(R3  , 0x1030);   // set GRAM write direction and BGR=1.
 478              		.loc 1 75 2 view .LVU94
 479 0026 4FF4E061 		mov	r1, #1792
 480 002a 0220     		movs	r0, #2
 481 002c FFF7FEFF 		bl	LCD_WriteReg
 482              	.LVL42:
  76:Core/Src/lcd.c **** 	LCD_WriteReg(R4  , 0x0000);   // Resize register
 483              		.loc 1 76 2 view .LVU95
 484 0030 41F23001 		movw	r1, #4144
 485 0034 0320     		movs	r0, #3
 486 0036 FFF7FEFF 		bl	LCD_WriteReg
 487              	.LVL43:
  77:Core/Src/lcd.c **** 	LCD_WriteReg(R8  , 0x0207);   // set the back porch and front porch
 488              		.loc 1 77 2 view .LVU96
 489 003a 0021     		movs	r1, #0
 490 003c 0420     		movs	r0, #4
ARM GAS  C:\Users\86133\AppData\Local\Temp\ccDgQJpj.s 			page 20


 491 003e FFF7FEFF 		bl	LCD_WriteReg
 492              	.LVL44:
  78:Core/Src/lcd.c **** 	LCD_WriteReg(R9  , 0x0000);   // set non-display area refresh cycle ISC[3:0]
 493              		.loc 1 78 2 view .LVU97
 494 0042 40F20721 		movw	r1, #519
 495 0046 0820     		movs	r0, #8
 496 0048 FFF7FEFF 		bl	LCD_WriteReg
 497              	.LVL45:
  79:Core/Src/lcd.c **** 	LCD_WriteReg(R10 , 0x0000);   // FMARK function
 498              		.loc 1 79 2 view .LVU98
 499 004c 0021     		movs	r1, #0
 500 004e 0920     		movs	r0, #9
 501 0050 FFF7FEFF 		bl	LCD_WriteReg
 502              	.LVL46:
  80:Core/Src/lcd.c **** 	LCD_WriteReg(R12 , 0x0000); // RGB interface setting
 503              		.loc 1 80 2 view .LVU99
 504 0054 0021     		movs	r1, #0
 505 0056 0A20     		movs	r0, #10
 506 0058 FFF7FEFF 		bl	LCD_WriteReg
 507              	.LVL47:
  81:Core/Src/lcd.c **** 	LCD_WriteReg(R13 , 0x0000);   // Frame marker Position
 508              		.loc 1 81 2 view .LVU100
 509 005c 0021     		movs	r1, #0
 510 005e 0C20     		movs	r0, #12
 511 0060 FFF7FEFF 		bl	LCD_WriteReg
 512              	.LVL48:
  82:Core/Src/lcd.c **** 	LCD_WriteReg(R15 , 0x0000); // RGB interface polarity
 513              		.loc 1 82 2 view .LVU101
 514 0064 0021     		movs	r1, #0
 515 0066 0D20     		movs	r0, #13
 516 0068 FFF7FEFF 		bl	LCD_WriteReg
 517              	.LVL49:
  83:Core/Src/lcd.c **** 	/**************Power On sequence ****************/
 518              		.loc 1 83 2 view .LVU102
 519 006c 0021     		movs	r1, #0
 520 006e 0F20     		movs	r0, #15
 521 0070 FFF7FEFF 		bl	LCD_WriteReg
 522              	.LVL50:
  85:Core/Src/lcd.c **** 	LCD_WriteReg(R17 , 0x0007);   // DC1[2:0], DC0[2:0], VC[2:0]
 523              		.loc 1 85 2 view .LVU103
 524 0074 0021     		movs	r1, #0
 525 0076 1020     		movs	r0, #16
 526 0078 FFF7FEFF 		bl	LCD_WriteReg
 527              	.LVL51:
  86:Core/Src/lcd.c **** 	LCD_WriteReg(R18 , 0x0000); // VREG1OUT voltage
 528              		.loc 1 86 2 view .LVU104
 529 007c 0721     		movs	r1, #7
 530 007e 1120     		movs	r0, #17
 531 0080 FFF7FEFF 		bl	LCD_WriteReg
 532              	.LVL52:
  87:Core/Src/lcd.c **** 	LCD_WriteReg(R19 , 0x0000);   // VDV[4:0] for VCOM amplitude
 533              		.loc 1 87 2 view .LVU105
 534 0084 0021     		movs	r1, #0
 535 0086 1220     		movs	r0, #18
 536 0088 FFF7FEFF 		bl	LCD_WriteReg
 537              	.LVL53:
  88:Core/Src/lcd.c **** //	Delay_Ms(200);                    // Delay 200 MS , Dis-charge capacitor power voltage
ARM GAS  C:\Users\86133\AppData\Local\Temp\ccDgQJpj.s 			page 21


 538              		.loc 1 88 2 view .LVU106
 539 008c 0021     		movs	r1, #0
 540 008e 1320     		movs	r0, #19
 541 0090 FFF7FEFF 		bl	LCD_WriteReg
 542              	.LVL54:
  90:Core/Src/lcd.c **** 	LCD_WriteReg(R16 , 0x1690);   // SAP, BT[3:0], AP, DSTB, SLP, STB
 543              		.loc 1 90 2 view .LVU107
 544 0094 C820     		movs	r0, #200
 545 0096 FFF7FEFF 		bl	HAL_Delay
 546              	.LVL55:
  91:Core/Src/lcd.c **** 	LCD_WriteReg(R17 , 0x0227); // R11H=0x0221 at VCI=3.3V, DC1[2:0], DC0[2:0], VC[2:0]
 547              		.loc 1 91 2 view .LVU108
 548 009a 41F29061 		movw	r1, #5776
 549 009e 1020     		movs	r0, #16
 550 00a0 FFF7FEFF 		bl	LCD_WriteReg
 551              	.LVL56:
  92:Core/Src/lcd.c **** //	Delay_Ms(50);      // Delay 50ms
 552              		.loc 1 92 2 view .LVU109
 553 00a4 40F22721 		movw	r1, #551
 554 00a8 1120     		movs	r0, #17
 555 00aa FFF7FEFF 		bl	LCD_WriteReg
 556              	.LVL57:
  94:Core/Src/lcd.c **** 	LCD_WriteReg(R18 , 0x001D); // External reference voltage= Vci;
 557              		.loc 1 94 2 view .LVU110
 558 00ae 3220     		movs	r0, #50
 559 00b0 FFF7FEFF 		bl	HAL_Delay
 560              	.LVL58:
  95:Core/Src/lcd.c **** //	Delay_Ms(50);      // Delay 50ms
 561              		.loc 1 95 2 view .LVU111
 562 00b4 1D21     		movs	r1, #29
 563 00b6 1220     		movs	r0, #18
 564 00b8 FFF7FEFF 		bl	LCD_WriteReg
 565              	.LVL59:
  97:Core/Src/lcd.c **** 	LCD_WriteReg(R19 , 0x0800); // R13H=1D00 when R12H=009D;VDV[4:0] for VCOM amplitude
 566              		.loc 1 97 2 view .LVU112
 567 00bc 3220     		movs	r0, #50
 568 00be FFF7FEFF 		bl	HAL_Delay
 569              	.LVL60:
  98:Core/Src/lcd.c **** 	LCD_WriteReg(R41 , 0x0014); // R29H=0013 when R12H=009D;VCM[5:0] for VCOMH
 570              		.loc 1 98 2 view .LVU113
 571 00c2 4FF40061 		mov	r1, #2048
 572 00c6 1320     		movs	r0, #19
 573 00c8 FFF7FEFF 		bl	LCD_WriteReg
 574              	.LVL61:
  99:Core/Src/lcd.c **** 	LCD_WriteReg(R43 , 0x000B);   // Frame Rate = 96Hz
 575              		.loc 1 99 2 view .LVU114
 576 00cc 1421     		movs	r1, #20
 577 00ce 2920     		movs	r0, #41
 578 00d0 FFF7FEFF 		bl	LCD_WriteReg
 579              	.LVL62:
 100:Core/Src/lcd.c **** //	Delay_Ms(50);      // Delay 50ms
 580              		.loc 1 100 2 view .LVU115
 581 00d4 0B21     		movs	r1, #11
 582 00d6 2B20     		movs	r0, #43
 583 00d8 FFF7FEFF 		bl	LCD_WriteReg
 584              	.LVL63:
 102:Core/Src/lcd.c **** 	LCD_WriteReg(R32 , 0x0000); // GRAM horizontal Address
ARM GAS  C:\Users\86133\AppData\Local\Temp\ccDgQJpj.s 			page 22


 585              		.loc 1 102 2 view .LVU116
 586 00dc 3220     		movs	r0, #50
 587 00de FFF7FEFF 		bl	HAL_Delay
 588              	.LVL64:
 103:Core/Src/lcd.c **** 	LCD_WriteReg(R33 , 0x0000); // GRAM Vertical Address
 589              		.loc 1 103 2 view .LVU117
 590 00e2 0021     		movs	r1, #0
 591 00e4 2020     		movs	r0, #32
 592 00e6 FFF7FEFF 		bl	LCD_WriteReg
 593              	.LVL65:
 104:Core/Src/lcd.c **** 	/* ----------- Adjust the Gamma Curve ---------- */
 594              		.loc 1 104 2 view .LVU118
 595 00ea 0021     		movs	r1, #0
 596 00ec 2120     		movs	r0, #33
 597 00ee FFF7FEFF 		bl	LCD_WriteReg
 598              	.LVL66:
 106:Core/Src/lcd.c **** 	LCD_WriteReg(R49 , 0x0707);
 599              		.loc 1 106 2 view .LVU119
 600 00f2 0721     		movs	r1, #7
 601 00f4 3020     		movs	r0, #48
 602 00f6 FFF7FEFF 		bl	LCD_WriteReg
 603              	.LVL67:
 107:Core/Src/lcd.c **** 	LCD_WriteReg(R50 , 0x0006);
 604              		.loc 1 107 2 view .LVU120
 605 00fa 40F20771 		movw	r1, #1799
 606 00fe 3120     		movs	r0, #49
 607 0100 FFF7FEFF 		bl	LCD_WriteReg
 608              	.LVL68:
 108:Core/Src/lcd.c **** 	LCD_WriteReg(R53 , 0x0704);
 609              		.loc 1 108 2 view .LVU121
 610 0104 0621     		movs	r1, #6
 611 0106 3220     		movs	r0, #50
 612 0108 FFF7FEFF 		bl	LCD_WriteReg
 613              	.LVL69:
 109:Core/Src/lcd.c **** 	LCD_WriteReg(R54 , 0x1F04);
 614              		.loc 1 109 2 view .LVU122
 615 010c 40F20471 		movw	r1, #1796
 616 0110 3520     		movs	r0, #53
 617 0112 FFF7FEFF 		bl	LCD_WriteReg
 618              	.LVL70:
 110:Core/Src/lcd.c **** 	LCD_WriteReg(R55 , 0x0004);
 619              		.loc 1 110 2 view .LVU123
 620 0116 41F60471 		movw	r1, #7940
 621 011a 3620     		movs	r0, #54
 622 011c FFF7FEFF 		bl	LCD_WriteReg
 623              	.LVL71:
 111:Core/Src/lcd.c **** 	LCD_WriteReg(R56 , 0x0000);
 624              		.loc 1 111 2 view .LVU124
 625 0120 0421     		movs	r1, #4
 626 0122 3720     		movs	r0, #55
 627 0124 FFF7FEFF 		bl	LCD_WriteReg
 628              	.LVL72:
 112:Core/Src/lcd.c **** 	LCD_WriteReg(R57 , 0x0706);
 629              		.loc 1 112 2 view .LVU125
 630 0128 0021     		movs	r1, #0
 631 012a 3820     		movs	r0, #56
 632 012c FFF7FEFF 		bl	LCD_WriteReg
ARM GAS  C:\Users\86133\AppData\Local\Temp\ccDgQJpj.s 			page 23


 633              	.LVL73:
 113:Core/Src/lcd.c **** 	LCD_WriteReg(R60 , 0x0701);
 634              		.loc 1 113 2 view .LVU126
 635 0130 40F20671 		movw	r1, #1798
 636 0134 3920     		movs	r0, #57
 637 0136 FFF7FEFF 		bl	LCD_WriteReg
 638              	.LVL74:
 114:Core/Src/lcd.c **** 	LCD_WriteReg(R61 , 0x000F);
 639              		.loc 1 114 2 view .LVU127
 640 013a 40F20171 		movw	r1, #1793
 641 013e 3C20     		movs	r0, #60
 642 0140 FFF7FEFF 		bl	LCD_WriteReg
 643              	.LVL75:
 115:Core/Src/lcd.c **** 	/* ------------------ Set GRAM area --------------- */
 644              		.loc 1 115 2 view .LVU128
 645 0144 0F21     		movs	r1, #15
 646 0146 3D20     		movs	r0, #61
 647 0148 FFF7FEFF 		bl	LCD_WriteReg
 648              	.LVL76:
 117:Core/Src/lcd.c **** 	LCD_WriteReg(R81 , 0x00EF);   // Horizontal GRAM End Address
 649              		.loc 1 117 2 view .LVU129
 650 014c 0021     		movs	r1, #0
 651 014e 5020     		movs	r0, #80
 652 0150 FFF7FEFF 		bl	LCD_WriteReg
 653              	.LVL77:
 118:Core/Src/lcd.c **** 	LCD_WriteReg(R82 , 0x0000); // Vertical GRAM Start Address
 654              		.loc 1 118 2 view .LVU130
 655 0154 EF21     		movs	r1, #239
 656 0156 5120     		movs	r0, #81
 657 0158 FFF7FEFF 		bl	LCD_WriteReg
 658              	.LVL78:
 119:Core/Src/lcd.c **** 	LCD_WriteReg(R83 , 0x013F); // Vertical GRAM Start Address
 659              		.loc 1 119 2 view .LVU131
 660 015c 0021     		movs	r1, #0
 661 015e 5220     		movs	r0, #82
 662 0160 FFF7FEFF 		bl	LCD_WriteReg
 663              	.LVL79:
 120:Core/Src/lcd.c **** 	LCD_WriteReg(R96 , 0x2700); // Gate Scan Line		  0xA700
 664              		.loc 1 120 2 view .LVU132
 665 0164 40F23F11 		movw	r1, #319
 666 0168 5320     		movs	r0, #83
 667 016a FFF7FEFF 		bl	LCD_WriteReg
 668              	.LVL80:
 121:Core/Src/lcd.c **** 	LCD_WriteReg(R97 , 0x0001); // NDL,VLE, REV
 669              		.loc 1 121 2 view .LVU133
 670 016e 4FF41C51 		mov	r1, #9984
 671 0172 6020     		movs	r0, #96
 672 0174 FFF7FEFF 		bl	LCD_WriteReg
 673              	.LVL81:
 122:Core/Src/lcd.c **** 	LCD_WriteReg(R106, 0x0000); // set scrolling line
 674              		.loc 1 122 2 view .LVU134
 675 0178 0121     		movs	r1, #1
 676 017a 6120     		movs	r0, #97
 677 017c FFF7FEFF 		bl	LCD_WriteReg
 678              	.LVL82:
 123:Core/Src/lcd.c **** 	/* -------------- Partial Display Control --------- */
 679              		.loc 1 123 2 view .LVU135
ARM GAS  C:\Users\86133\AppData\Local\Temp\ccDgQJpj.s 			page 24


 680 0180 0021     		movs	r1, #0
 681 0182 6A20     		movs	r0, #106
 682 0184 FFF7FEFF 		bl	LCD_WriteReg
 683              	.LVL83:
 125:Core/Src/lcd.c **** 	LCD_WriteReg(R129, 0x0000);
 684              		.loc 1 125 2 view .LVU136
 685 0188 0021     		movs	r1, #0
 686 018a 8020     		movs	r0, #128
 687 018c FFF7FEFF 		bl	LCD_WriteReg
 688              	.LVL84:
 126:Core/Src/lcd.c **** 	LCD_WriteReg(R130, 0x0000);
 689              		.loc 1 126 2 view .LVU137
 690 0190 0021     		movs	r1, #0
 691 0192 8120     		movs	r0, #129
 692 0194 FFF7FEFF 		bl	LCD_WriteReg
 693              	.LVL85:
 127:Core/Src/lcd.c **** 	LCD_WriteReg(R131, 0x0000);
 694              		.loc 1 127 2 view .LVU138
 695 0198 0021     		movs	r1, #0
 696 019a 8220     		movs	r0, #130
 697 019c FFF7FEFF 		bl	LCD_WriteReg
 698              	.LVL86:
 128:Core/Src/lcd.c **** 	LCD_WriteReg(R132, 0x0000);
 699              		.loc 1 128 2 view .LVU139
 700 01a0 0021     		movs	r1, #0
 701 01a2 8320     		movs	r0, #131
 702 01a4 FFF7FEFF 		bl	LCD_WriteReg
 703              	.LVL87:
 129:Core/Src/lcd.c **** 	LCD_WriteReg(R133, 0x0000);
 704              		.loc 1 129 2 view .LVU140
 705 01a8 0021     		movs	r1, #0
 706 01aa 8420     		movs	r0, #132
 707 01ac FFF7FEFF 		bl	LCD_WriteReg
 708              	.LVL88:
 130:Core/Src/lcd.c **** 	/* -------------- Panel Control ------------------- */
 709              		.loc 1 130 2 view .LVU141
 710 01b0 0021     		movs	r1, #0
 711 01b2 8520     		movs	r0, #133
 712 01b4 FFF7FEFF 		bl	LCD_WriteReg
 713              	.LVL89:
 132:Core/Src/lcd.c **** 	LCD_WriteReg(R146, 0x0000);
 714              		.loc 1 132 2 view .LVU142
 715 01b8 1021     		movs	r1, #16
 716 01ba 9020     		movs	r0, #144
 717 01bc FFF7FEFF 		bl	LCD_WriteReg
 718              	.LVL90:
 133:Core/Src/lcd.c **** 	LCD_WriteReg(R147, 0x0003);
 719              		.loc 1 133 2 view .LVU143
 720 01c0 0021     		movs	r1, #0
 721 01c2 9220     		movs	r0, #146
 722 01c4 FFF7FEFF 		bl	LCD_WriteReg
 723              	.LVL91:
 134:Core/Src/lcd.c **** 	LCD_WriteReg(R149, 0x0110);
 724              		.loc 1 134 2 view .LVU144
 725 01c8 0321     		movs	r1, #3
 726 01ca 9320     		movs	r0, #147
 727 01cc FFF7FEFF 		bl	LCD_WriteReg
ARM GAS  C:\Users\86133\AppData\Local\Temp\ccDgQJpj.s 			page 25


 728              	.LVL92:
 135:Core/Src/lcd.c **** 	LCD_WriteReg(R151, 0x0000);
 729              		.loc 1 135 2 view .LVU145
 730 01d0 4FF48871 		mov	r1, #272
 731 01d4 9520     		movs	r0, #149
 732 01d6 FFF7FEFF 		bl	LCD_WriteReg
 733              	.LVL93:
 136:Core/Src/lcd.c **** 	LCD_WriteReg(R152, 0x0000);
 734              		.loc 1 136 2 view .LVU146
 735 01da 0021     		movs	r1, #0
 736 01dc 9720     		movs	r0, #151
 737 01de FFF7FEFF 		bl	LCD_WriteReg
 738              	.LVL94:
 137:Core/Src/lcd.c **** 	   /* Set GRAM write direction and BGR = 1 */
 739              		.loc 1 137 2 view .LVU147
 740 01e2 0021     		movs	r1, #0
 741 01e4 9820     		movs	r0, #152
 742 01e6 FFF7FEFF 		bl	LCD_WriteReg
 743              	.LVL95:
 141:Core/Src/lcd.c **** 	
 744              		.loc 1 141 2 view .LVU148
 745 01ea 41F21801 		movw	r1, #4120
 746 01ee 0320     		movs	r0, #3
 747 01f0 FFF7FEFF 		bl	LCD_WriteReg
 748              	.LVL96:
 143:Core/Src/lcd.c **** }
 749              		.loc 1 143 2 view .LVU149
 750 01f4 40F27311 		movw	r1, #371
 751 01f8 0720     		movs	r0, #7
 752 01fa FFF7FEFF 		bl	LCD_WriteReg
 753              	.LVL97:
 144:Core/Src/lcd.c **** /*******************************************************************************
 754              		.loc 1 144 1 is_stmt 0 view .LVU150
 755 01fe 08BD     		pop	{r3, pc}
 756              		.cfi_endproc
 757              	.LFE331:
 759              		.section	.text.LCD_SetCursor,"ax",%progbits
 760              		.align	1
 761              		.global	LCD_SetCursor
 762              		.syntax unified
 763              		.thumb
 764              		.thumb_func
 766              	LCD_SetCursor:
 767              	.LVL98:
 768              	.LFB337:
 229:Core/Src/lcd.c **** 	LCD_WriteReg(R32, Xpos);
 769              		.loc 1 229 1 is_stmt 1 view -0
 770              		.cfi_startproc
 771              		@ args = 0, pretend = 0, frame = 0
 772              		@ frame_needed = 0, uses_anonymous_args = 0
 229:Core/Src/lcd.c **** 	LCD_WriteReg(R32, Xpos);
 773              		.loc 1 229 1 is_stmt 0 view .LVU152
 774 0000 10B5     		push	{r4, lr}
 775              	.LCFI8:
 776              		.cfi_def_cfa_offset 8
 777              		.cfi_offset 4, -8
 778              		.cfi_offset 14, -4
ARM GAS  C:\Users\86133\AppData\Local\Temp\ccDgQJpj.s 			page 26


 779 0002 0C46     		mov	r4, r1
 230:Core/Src/lcd.c **** 	LCD_WriteReg(R33, Ypos);
 780              		.loc 1 230 2 is_stmt 1 view .LVU153
 781 0004 0146     		mov	r1, r0
 782              	.LVL99:
 230:Core/Src/lcd.c **** 	LCD_WriteReg(R33, Ypos);
 783              		.loc 1 230 2 is_stmt 0 view .LVU154
 784 0006 2020     		movs	r0, #32
 785              	.LVL100:
 230:Core/Src/lcd.c **** 	LCD_WriteReg(R33, Ypos);
 786              		.loc 1 230 2 view .LVU155
 787 0008 FFF7FEFF 		bl	LCD_WriteReg
 788              	.LVL101:
 231:Core/Src/lcd.c **** }
 789              		.loc 1 231 2 is_stmt 1 view .LVU156
 790 000c 2146     		mov	r1, r4
 791 000e 2120     		movs	r0, #33
 792 0010 FFF7FEFF 		bl	LCD_WriteReg
 793              	.LVL102:
 232:Core/Src/lcd.c **** /*******************************************************************************
 794              		.loc 1 232 1 is_stmt 0 view .LVU157
 795 0014 10BD     		pop	{r4, pc}
 796              		.cfi_endproc
 797              	.LFE337:
 799              		.section	.text.LCD_SetDisplayWindow,"ax",%progbits
 800              		.align	1
 801              		.global	LCD_SetDisplayWindow
 802              		.syntax unified
 803              		.thumb
 804              		.thumb_func
 806              	LCD_SetDisplayWindow:
 807              	.LVL103:
 808              	.LFB341:
 320:Core/Src/lcd.c **** 	if(Xpos >= Height)
 809              		.loc 1 320 1 is_stmt 1 view -0
 810              		.cfi_startproc
 811              		@ args = 0, pretend = 0, frame = 0
 812              		@ frame_needed = 0, uses_anonymous_args = 0
 320:Core/Src/lcd.c **** 	if(Xpos >= Height)
 813              		.loc 1 320 1 is_stmt 0 view .LVU159
 814 0000 70B5     		push	{r4, r5, r6, lr}
 815              	.LCFI9:
 816              		.cfi_def_cfa_offset 16
 817              		.cfi_offset 4, -16
 818              		.cfi_offset 5, -12
 819              		.cfi_offset 6, -8
 820              		.cfi_offset 14, -4
 821 0002 0546     		mov	r5, r0
 822 0004 0E46     		mov	r6, r1
 823 0006 1C46     		mov	r4, r3
 321:Core/Src/lcd.c **** 	{
 824              		.loc 1 321 2 is_stmt 1 view .LVU160
 321:Core/Src/lcd.c **** 	{
 825              		.loc 1 321 4 is_stmt 0 view .LVU161
 826 0008 9042     		cmp	r0, r2
 827 000a 1CD3     		bcc	.L26
 323:Core/Src/lcd.c **** 	}
ARM GAS  C:\Users\86133\AppData\Local\Temp\ccDgQJpj.s 			page 27


 828              		.loc 1 323 3 is_stmt 1 view .LVU162
 323:Core/Src/lcd.c **** 	}
 829              		.loc 1 323 27 is_stmt 0 view .LVU163
 830 000c 811A     		subs	r1, r0, r2
 831              	.LVL104:
 323:Core/Src/lcd.c **** 	}
 832              		.loc 1 323 27 view .LVU164
 833 000e 89B2     		uxth	r1, r1
 323:Core/Src/lcd.c **** 	}
 834              		.loc 1 323 3 view .LVU165
 835 0010 0131     		adds	r1, r1, #1
 836 0012 89B2     		uxth	r1, r1
 837 0014 5020     		movs	r0, #80
 838              	.LVL105:
 323:Core/Src/lcd.c **** 	}
 839              		.loc 1 323 3 view .LVU166
 840 0016 FFF7FEFF 		bl	LCD_WriteReg
 841              	.LVL106:
 842              	.L27:
 329:Core/Src/lcd.c **** 	if(Ypos >= Width)
 843              		.loc 1 329 2 is_stmt 1 view .LVU167
 844 001a 2946     		mov	r1, r5
 845 001c 5120     		movs	r0, #81
 846 001e FFF7FEFF 		bl	LCD_WriteReg
 847              	.LVL107:
 330:Core/Src/lcd.c **** 	{
 848              		.loc 1 330 2 view .LVU168
 330:Core/Src/lcd.c **** 	{
 849              		.loc 1 330 4 is_stmt 0 view .LVU169
 850 0022 A642     		cmp	r6, r4
 851 0024 14D3     		bcc	.L28
 332:Core/Src/lcd.c **** 	}  
 852              		.loc 1 332 3 is_stmt 1 view .LVU170
 332:Core/Src/lcd.c **** 	}  
 853              		.loc 1 332 27 is_stmt 0 view .LVU171
 854 0026 341B     		subs	r4, r6, r4
 855 0028 A4B2     		uxth	r4, r4
 332:Core/Src/lcd.c **** 	}  
 856              		.loc 1 332 3 view .LVU172
 857 002a 0134     		adds	r4, r4, #1
 858 002c A1B2     		uxth	r1, r4
 859 002e 5220     		movs	r0, #82
 860 0030 FFF7FEFF 		bl	LCD_WriteReg
 861              	.LVL108:
 862              	.L29:
 339:Core/Src/lcd.c **** 	LCD_SetCursor(Xpos, Ypos);
 863              		.loc 1 339 2 is_stmt 1 view .LVU173
 864 0034 3146     		mov	r1, r6
 865 0036 5320     		movs	r0, #83
 866 0038 FFF7FEFF 		bl	LCD_WriteReg
 867              	.LVL109:
 340:Core/Src/lcd.c **** }
 868              		.loc 1 340 2 view .LVU174
 869 003c 3146     		mov	r1, r6
 870 003e 2846     		mov	r0, r5
 871 0040 FFF7FEFF 		bl	LCD_SetCursor
 872              	.LVL110:
ARM GAS  C:\Users\86133\AppData\Local\Temp\ccDgQJpj.s 			page 28


 341:Core/Src/lcd.c **** /*******************************************************************************
 873              		.loc 1 341 1 is_stmt 0 view .LVU175
 874 0044 70BD     		pop	{r4, r5, r6, pc}
 875              	.LVL111:
 876              	.L26:
 327:Core/Src/lcd.c **** 	}
 877              		.loc 1 327 3 is_stmt 1 view .LVU176
 878 0046 0021     		movs	r1, #0
 879              	.LVL112:
 327:Core/Src/lcd.c **** 	}
 880              		.loc 1 327 3 is_stmt 0 view .LVU177
 881 0048 5020     		movs	r0, #80
 882              	.LVL113:
 327:Core/Src/lcd.c **** 	}
 883              		.loc 1 327 3 view .LVU178
 884 004a FFF7FEFF 		bl	LCD_WriteReg
 885              	.LVL114:
 327:Core/Src/lcd.c **** 	}
 886              		.loc 1 327 3 view .LVU179
 887 004e E4E7     		b	.L27
 888              	.L28:
 336:Core/Src/lcd.c **** 	}
 889              		.loc 1 336 3 is_stmt 1 view .LVU180
 890 0050 0021     		movs	r1, #0
 891 0052 5220     		movs	r0, #82
 892 0054 FFF7FEFF 		bl	LCD_WriteReg
 893              	.LVL115:
 894 0058 ECE7     		b	.L29
 895              		.cfi_endproc
 896              	.LFE341:
 898              		.section	.text.LCD_WindowModeDisable,"ax",%progbits
 899              		.align	1
 900              		.global	LCD_WindowModeDisable
 901              		.syntax unified
 902              		.thumb
 903              		.thumb_func
 905              	LCD_WindowModeDisable:
 906              	.LFB342:
 350:Core/Src/lcd.c **** 	LCD_SetDisplayWindow(239, 0x13F, 240, 320);
 907              		.loc 1 350 1 view -0
 908              		.cfi_startproc
 909              		@ args = 0, pretend = 0, frame = 0
 910              		@ frame_needed = 0, uses_anonymous_args = 0
 911 0000 08B5     		push	{r3, lr}
 912              	.LCFI10:
 913              		.cfi_def_cfa_offset 8
 914              		.cfi_offset 3, -8
 915              		.cfi_offset 14, -4
 351:Core/Src/lcd.c **** 	LCD_WriteReg(R3, 0x1018);    
 916              		.loc 1 351 2 view .LVU182
 917 0002 4FF4A073 		mov	r3, #320
 918 0006 F022     		movs	r2, #240
 919 0008 40F23F11 		movw	r1, #319
 920 000c EF20     		movs	r0, #239
 921 000e FFF7FEFF 		bl	LCD_SetDisplayWindow
 922              	.LVL116:
 352:Core/Src/lcd.c **** }
ARM GAS  C:\Users\86133\AppData\Local\Temp\ccDgQJpj.s 			page 29


 923              		.loc 1 352 2 view .LVU183
 924 0012 41F21801 		movw	r1, #4120
 925 0016 0320     		movs	r0, #3
 926 0018 FFF7FEFF 		bl	LCD_WriteReg
 927              	.LVL117:
 353:Core/Src/lcd.c **** /*******************************************************************************
 928              		.loc 1 353 1 is_stmt 0 view .LVU184
 929 001c 08BD     		pop	{r3, pc}
 930              		.cfi_endproc
 931              	.LFE342:
 933              		.section	.text.LCD_WriteRAM_Prepare,"ax",%progbits
 934              		.align	1
 935              		.global	LCD_WriteRAM_Prepare
 936              		.syntax unified
 937              		.thumb
 938              		.thumb_func
 940              	LCD_WriteRAM_Prepare:
 941              	.LFB350:
 561:Core/Src/lcd.c **** /*******************************************************************************
 562:Core/Src/lcd.c **** * Function Name  : LCD_ReadReg
 563:Core/Src/lcd.c **** * Description    : Reads the selected LCD Register.
 564:Core/Src/lcd.c **** * Input          : None
 565:Core/Src/lcd.c **** * Output         : None
 566:Core/Src/lcd.c **** * Return         : LCD Register Value.
 567:Core/Src/lcd.c **** *******************************************************************************/
 568:Core/Src/lcd.c **** u16 LCD_ReadReg(u8 LCD_Reg)
 569:Core/Src/lcd.c **** {
 570:Core/Src/lcd.c **** 	u16 temp;
 571:Core/Src/lcd.c **** 
 572:Core/Src/lcd.c **** 	GPIOB->BRR |= GPIO_PIN_9;  
 573:Core/Src/lcd.c **** 	GPIOB->BRR |= GPIO_PIN_8;  
 574:Core/Src/lcd.c **** 	GPIOB->BSRR |= GPIO_PIN_5; 
 575:Core/Src/lcd.c **** 
 576:Core/Src/lcd.c **** 	GPIOC->ODR = LCD_Reg; 
 577:Core/Src/lcd.c **** 	GPIOB->BRR |= GPIO_PIN_5; 
 578:Core/Src/lcd.c **** 	__nop();
 579:Core/Src/lcd.c **** 	__nop();
 580:Core/Src/lcd.c **** 	__nop();
 581:Core/Src/lcd.c **** 	GPIOB->BSRR |= GPIO_PIN_5;
 582:Core/Src/lcd.c **** 	GPIOB->BSRR |= GPIO_PIN_8;
 583:Core/Src/lcd.c **** 
 584:Core/Src/lcd.c **** 	LCD_BusIn();
 585:Core/Src/lcd.c **** 	GPIOA->BRR |= GPIO_PIN_8;	
 586:Core/Src/lcd.c **** 	__nop();
 587:Core/Src/lcd.c **** 	__nop();
 588:Core/Src/lcd.c **** 	__nop();
 589:Core/Src/lcd.c **** 	temp = GPIOC->IDR & 0xFF;    
 590:Core/Src/lcd.c **** 	GPIOA->BSRR |= GPIO_PIN_8;
 591:Core/Src/lcd.c **** 
 592:Core/Src/lcd.c **** 	LCD_BusOut();
 593:Core/Src/lcd.c **** 	GPIOB->BSRR |= GPIO_PIN_9; 
 594:Core/Src/lcd.c **** 
 595:Core/Src/lcd.c **** 	return temp;
 596:Core/Src/lcd.c **** }
 597:Core/Src/lcd.c **** /*******************************************************************************
 598:Core/Src/lcd.c **** * Function Name  : LCD_WriteRAM_Prepare
 599:Core/Src/lcd.c **** * Description    : Prepare to write to the LCD RAM.
ARM GAS  C:\Users\86133\AppData\Local\Temp\ccDgQJpj.s 			page 30


 600:Core/Src/lcd.c **** * Input          : None
 601:Core/Src/lcd.c **** * Output         : None
 602:Core/Src/lcd.c **** * Return         : None
 603:Core/Src/lcd.c **** *******************************************************************************/
 604:Core/Src/lcd.c **** void LCD_WriteRAM_Prepare(void)
 605:Core/Src/lcd.c **** { 
 942              		.loc 1 605 1 is_stmt 1 view -0
 943              		.cfi_startproc
 944              		@ args = 0, pretend = 0, frame = 0
 945              		@ frame_needed = 0, uses_anonymous_args = 0
 946              		@ link register save eliminated.
 606:Core/Src/lcd.c **** 	GPIOB->BRR  |=  GPIO_PIN_9;  
 947              		.loc 1 606 2 view .LVU186
 948              		.loc 1 606 14 is_stmt 0 view .LVU187
 949 0000 134B     		ldr	r3, .L34
 950 0002 9A6A     		ldr	r2, [r3, #40]
 951 0004 42F40072 		orr	r2, r2, #512
 952 0008 9A62     		str	r2, [r3, #40]
 607:Core/Src/lcd.c **** 	GPIOB->BRR  |=  GPIO_PIN_8; 
 953              		.loc 1 607 2 is_stmt 1 view .LVU188
 954              		.loc 1 607 14 is_stmt 0 view .LVU189
 955 000a 9A6A     		ldr	r2, [r3, #40]
 956 000c 42F48072 		orr	r2, r2, #256
 957 0010 9A62     		str	r2, [r3, #40]
 608:Core/Src/lcd.c **** 	GPIOB->BSRR |=  GPIO_PIN_5; 
 958              		.loc 1 608 2 is_stmt 1 view .LVU190
 959              		.loc 1 608 14 is_stmt 0 view .LVU191
 960 0012 9A69     		ldr	r2, [r3, #24]
 961 0014 42F02002 		orr	r2, r2, #32
 962 0018 9A61     		str	r2, [r3, #24]
 609:Core/Src/lcd.c **** 
 610:Core/Src/lcd.c **** 	GPIOC->ODR = R34;     
 963              		.loc 1 610 2 is_stmt 1 view .LVU192
 964              		.loc 1 610 13 is_stmt 0 view .LVU193
 965 001a 0E4A     		ldr	r2, .L34+4
 966 001c 2221     		movs	r1, #34
 967 001e 5161     		str	r1, [r2, #20]
 611:Core/Src/lcd.c **** 	GPIOB->BRR  |=  GPIO_PIN_5; 
 968              		.loc 1 611 2 is_stmt 1 view .LVU194
 969              		.loc 1 611 14 is_stmt 0 view .LVU195
 970 0020 9A6A     		ldr	r2, [r3, #40]
 971 0022 42F02002 		orr	r2, r2, #32
 972 0026 9A62     		str	r2, [r3, #40]
 612:Core/Src/lcd.c **** 	__nop();
 973              		.loc 1 612 2 is_stmt 1 view .LVU196
 974              		.syntax unified
 975              	@ 612 "Core/Src/lcd.c" 1
 976 0028 00BF     		nop
 977              	@ 0 "" 2
 613:Core/Src/lcd.c **** 	__nop();
 978              		.loc 1 613 2 view .LVU197
 979              	@ 613 "Core/Src/lcd.c" 1
 980 002a 00BF     		nop
 981              	@ 0 "" 2
 614:Core/Src/lcd.c **** 	__nop();    
 982              		.loc 1 614 2 view .LVU198
 983              	@ 614 "Core/Src/lcd.c" 1
ARM GAS  C:\Users\86133\AppData\Local\Temp\ccDgQJpj.s 			page 31


 984 002c 00BF     		nop
 985              	@ 0 "" 2
 615:Core/Src/lcd.c **** 	GPIOB->BSRR |=  GPIO_PIN_5;
 986              		.loc 1 615 2 view .LVU199
 987              		.loc 1 615 14 is_stmt 0 view .LVU200
 988              		.thumb
 989              		.syntax unified
 990 002e 9A69     		ldr	r2, [r3, #24]
 991 0030 42F02002 		orr	r2, r2, #32
 992 0034 9A61     		str	r2, [r3, #24]
 616:Core/Src/lcd.c **** 	GPIOB->BSRR |=  GPIO_PIN_8; 
 993              		.loc 1 616 2 is_stmt 1 view .LVU201
 994              		.loc 1 616 14 is_stmt 0 view .LVU202
 995 0036 9A69     		ldr	r2, [r3, #24]
 996 0038 42F48072 		orr	r2, r2, #256
 997 003c 9A61     		str	r2, [r3, #24]
 617:Core/Src/lcd.c **** 	__nop();
 998              		.loc 1 617 2 is_stmt 1 view .LVU203
 999              		.syntax unified
 1000              	@ 617 "Core/Src/lcd.c" 1
 1001 003e 00BF     		nop
 1002              	@ 0 "" 2
 618:Core/Src/lcd.c **** 	__nop();
 1003              		.loc 1 618 2 view .LVU204
 1004              	@ 618 "Core/Src/lcd.c" 1
 1005 0040 00BF     		nop
 1006              	@ 0 "" 2
 619:Core/Src/lcd.c **** 	__nop();  
 1007              		.loc 1 619 2 view .LVU205
 1008              	@ 619 "Core/Src/lcd.c" 1
 1009 0042 00BF     		nop
 1010              	@ 0 "" 2
 620:Core/Src/lcd.c **** 	GPIOB->BSRR |=  GPIO_PIN_9; 
 1011              		.loc 1 620 2 view .LVU206
 1012              		.loc 1 620 14 is_stmt 0 view .LVU207
 1013              		.thumb
 1014              		.syntax unified
 1015 0044 9A69     		ldr	r2, [r3, #24]
 1016 0046 42F40072 		orr	r2, r2, #512
 1017 004a 9A61     		str	r2, [r3, #24]
 621:Core/Src/lcd.c **** }
 1018              		.loc 1 621 1 view .LVU208
 1019 004c 7047     		bx	lr
 1020              	.L35:
 1021 004e 00BF     		.align	2
 1022              	.L34:
 1023 0050 00040048 		.word	1207960576
 1024 0054 00080048 		.word	1207961600
 1025              		.cfi_endproc
 1026              	.LFE350:
 1028              		.section	.text.LCD_WriteRAM,"ax",%progbits
 1029              		.align	1
 1030              		.global	LCD_WriteRAM
 1031              		.syntax unified
 1032              		.thumb
 1033              		.thumb_func
 1035              	LCD_WriteRAM:
ARM GAS  C:\Users\86133\AppData\Local\Temp\ccDgQJpj.s 			page 32


 1036              	.LVL118:
 1037              	.LFB351:
 622:Core/Src/lcd.c **** /*******************************************************************************
 623:Core/Src/lcd.c **** * Function Name  : LCD_WriteRAM
 624:Core/Src/lcd.c **** * Description    : Writes to the LCD RAM.
 625:Core/Src/lcd.c **** * Input          : - RGB_Code: the pixel color in RGB mode (5-6-5).
 626:Core/Src/lcd.c **** * Output         : None
 627:Core/Src/lcd.c **** * Return         : None
 628:Core/Src/lcd.c **** *******************************************************************************/
 629:Core/Src/lcd.c **** void LCD_WriteRAM(u16 RGB_Code)
 630:Core/Src/lcd.c **** {
 1038              		.loc 1 630 1 is_stmt 1 view -0
 1039              		.cfi_startproc
 1040              		@ args = 0, pretend = 0, frame = 0
 1041              		@ frame_needed = 0, uses_anonymous_args = 0
 1042              		@ link register save eliminated.
 631:Core/Src/lcd.c **** 	GPIOB->BRR  |=  GPIO_PIN_9;  
 1043              		.loc 1 631 2 view .LVU210
 1044              		.loc 1 631 14 is_stmt 0 view .LVU211
 1045 0000 124B     		ldr	r3, .L37
 1046 0002 9A6A     		ldr	r2, [r3, #40]
 1047 0004 42F40072 		orr	r2, r2, #512
 1048 0008 9A62     		str	r2, [r3, #40]
 632:Core/Src/lcd.c **** 	GPIOB->BSRR |=  GPIO_PIN_8; 
 1049              		.loc 1 632 2 is_stmt 1 view .LVU212
 1050              		.loc 1 632 14 is_stmt 0 view .LVU213
 1051 000a 9A69     		ldr	r2, [r3, #24]
 1052 000c 42F48072 		orr	r2, r2, #256
 1053 0010 9A61     		str	r2, [r3, #24]
 633:Core/Src/lcd.c **** 	GPIOB->BSRR |=  GPIO_PIN_5; 
 1054              		.loc 1 633 2 is_stmt 1 view .LVU214
 1055              		.loc 1 633 14 is_stmt 0 view .LVU215
 1056 0012 9A69     		ldr	r2, [r3, #24]
 1057 0014 42F02002 		orr	r2, r2, #32
 1058 0018 9A61     		str	r2, [r3, #24]
 634:Core/Src/lcd.c **** 
 635:Core/Src/lcd.c **** 	GPIOC->ODR = RGB_Code;
 1059              		.loc 1 635 2 is_stmt 1 view .LVU216
 1060              		.loc 1 635 13 is_stmt 0 view .LVU217
 1061 001a 0D4A     		ldr	r2, .L37+4
 1062 001c 5061     		str	r0, [r2, #20]
 636:Core/Src/lcd.c **** 	GPIOB->BRR  |=  GPIO_PIN_5;
 1063              		.loc 1 636 2 is_stmt 1 view .LVU218
 1064              		.loc 1 636 14 is_stmt 0 view .LVU219
 1065 001e 9A6A     		ldr	r2, [r3, #40]
 1066 0020 42F02002 		orr	r2, r2, #32
 1067 0024 9A62     		str	r2, [r3, #40]
 637:Core/Src/lcd.c **** 	__nop();
 1068              		.loc 1 637 2 is_stmt 1 view .LVU220
 1069              		.syntax unified
 1070              	@ 637 "Core/Src/lcd.c" 1
 1071 0026 00BF     		nop
 1072              	@ 0 "" 2
 638:Core/Src/lcd.c **** 	__nop();
 1073              		.loc 1 638 2 view .LVU221
 1074              	@ 638 "Core/Src/lcd.c" 1
 1075 0028 00BF     		nop
ARM GAS  C:\Users\86133\AppData\Local\Temp\ccDgQJpj.s 			page 33


 1076              	@ 0 "" 2
 639:Core/Src/lcd.c **** 	__nop();  
 1077              		.loc 1 639 2 view .LVU222
 1078              	@ 639 "Core/Src/lcd.c" 1
 1079 002a 00BF     		nop
 1080              	@ 0 "" 2
 640:Core/Src/lcd.c **** 	GPIOB->BSRR |=  GPIO_PIN_5; 
 1081              		.loc 1 640 2 view .LVU223
 1082              		.loc 1 640 14 is_stmt 0 view .LVU224
 1083              		.thumb
 1084              		.syntax unified
 1085 002c 9A69     		ldr	r2, [r3, #24]
 1086 002e 42F02002 		orr	r2, r2, #32
 1087 0032 9A61     		str	r2, [r3, #24]
 641:Core/Src/lcd.c **** 	GPIOB->BSRR |=  GPIO_PIN_8; 
 1088              		.loc 1 641 2 is_stmt 1 view .LVU225
 1089              		.loc 1 641 14 is_stmt 0 view .LVU226
 1090 0034 9A69     		ldr	r2, [r3, #24]
 1091 0036 42F48072 		orr	r2, r2, #256
 1092 003a 9A61     		str	r2, [r3, #24]
 642:Core/Src/lcd.c **** 	__nop();
 1093              		.loc 1 642 2 is_stmt 1 view .LVU227
 1094              		.syntax unified
 1095              	@ 642 "Core/Src/lcd.c" 1
 1096 003c 00BF     		nop
 1097              	@ 0 "" 2
 643:Core/Src/lcd.c **** 	__nop();
 1098              		.loc 1 643 2 view .LVU228
 1099              	@ 643 "Core/Src/lcd.c" 1
 1100 003e 00BF     		nop
 1101              	@ 0 "" 2
 644:Core/Src/lcd.c **** 	__nop();
 1102              		.loc 1 644 2 view .LVU229
 1103              	@ 644 "Core/Src/lcd.c" 1
 1104 0040 00BF     		nop
 1105              	@ 0 "" 2
 645:Core/Src/lcd.c **** 	GPIOB->BSRR |=  GPIO_PIN_9; 
 1106              		.loc 1 645 2 view .LVU230
 1107              		.loc 1 645 14 is_stmt 0 view .LVU231
 1108              		.thumb
 1109              		.syntax unified
 1110 0042 9A69     		ldr	r2, [r3, #24]
 1111 0044 42F40072 		orr	r2, r2, #512
 1112 0048 9A61     		str	r2, [r3, #24]
 646:Core/Src/lcd.c **** }
 1113              		.loc 1 646 1 view .LVU232
 1114 004a 7047     		bx	lr
 1115              	.L38:
 1116              		.align	2
 1117              	.L37:
 1118 004c 00040048 		.word	1207960576
 1119 0050 00080048 		.word	1207961600
 1120              		.cfi_endproc
 1121              	.LFE351:
 1123              		.section	.text.LCD_Clear,"ax",%progbits
 1124              		.align	1
 1125              		.global	LCD_Clear
ARM GAS  C:\Users\86133\AppData\Local\Temp\ccDgQJpj.s 			page 34


 1126              		.syntax unified
 1127              		.thumb
 1128              		.thumb_func
 1130              	LCD_Clear:
 1131              	.LVL119:
 1132              	.LFB336:
 211:Core/Src/lcd.c **** 	u32 index = 0;
 1133              		.loc 1 211 1 is_stmt 1 view -0
 1134              		.cfi_startproc
 1135              		@ args = 0, pretend = 0, frame = 0
 1136              		@ frame_needed = 0, uses_anonymous_args = 0
 211:Core/Src/lcd.c **** 	u32 index = 0;
 1137              		.loc 1 211 1 is_stmt 0 view .LVU234
 1138 0000 38B5     		push	{r3, r4, r5, lr}
 1139              	.LCFI11:
 1140              		.cfi_def_cfa_offset 16
 1141              		.cfi_offset 3, -16
 1142              		.cfi_offset 4, -12
 1143              		.cfi_offset 5, -8
 1144              		.cfi_offset 14, -4
 1145 0002 0546     		mov	r5, r0
 212:Core/Src/lcd.c **** 	LCD_SetCursor(0x00, 0x0000); 
 1146              		.loc 1 212 2 is_stmt 1 view .LVU235
 1147              	.LVL120:
 213:Core/Src/lcd.c **** 	LCD_WriteRAM_Prepare(); /* Prepare to write GRAM */
 1148              		.loc 1 213 2 view .LVU236
 1149 0004 0021     		movs	r1, #0
 1150 0006 0846     		mov	r0, r1
 1151              	.LVL121:
 213:Core/Src/lcd.c **** 	LCD_WriteRAM_Prepare(); /* Prepare to write GRAM */
 1152              		.loc 1 213 2 is_stmt 0 view .LVU237
 1153 0008 FFF7FEFF 		bl	LCD_SetCursor
 1154              	.LVL122:
 214:Core/Src/lcd.c **** 	for(index = 0; index < 76800; index++)
 1155              		.loc 1 214 2 is_stmt 1 view .LVU238
 1156 000c FFF7FEFF 		bl	LCD_WriteRAM_Prepare
 1157              	.LVL123:
 215:Core/Src/lcd.c **** 	{
 1158              		.loc 1 215 2 view .LVU239
 215:Core/Src/lcd.c **** 	{
 1159              		.loc 1 215 12 is_stmt 0 view .LVU240
 1160 0010 0024     		movs	r4, #0
 215:Core/Src/lcd.c **** 	{
 1161              		.loc 1 215 2 view .LVU241
 1162 0012 03E0     		b	.L40
 1163              	.LVL124:
 1164              	.L41:
 217:Core/Src/lcd.c **** 	}
 1165              		.loc 1 217 3 is_stmt 1 discriminator 3 view .LVU242
 1166 0014 2846     		mov	r0, r5
 1167 0016 FFF7FEFF 		bl	LCD_WriteRAM
 1168              	.LVL125:
 215:Core/Src/lcd.c **** 	{
 1169              		.loc 1 215 32 discriminator 3 view .LVU243
 215:Core/Src/lcd.c **** 	{
 1170              		.loc 1 215 37 is_stmt 0 discriminator 3 view .LVU244
 1171 001a 0134     		adds	r4, r4, #1
ARM GAS  C:\Users\86133\AppData\Local\Temp\ccDgQJpj.s 			page 35


 1172              	.LVL126:
 1173              	.L40:
 215:Core/Src/lcd.c **** 	{
 1174              		.loc 1 215 17 is_stmt 1 discriminator 1 view .LVU245
 215:Core/Src/lcd.c **** 	{
 1175              		.loc 1 215 2 is_stmt 0 discriminator 1 view .LVU246
 1176 001c B4F5963F 		cmp	r4, #76800
 1177 0020 F8D3     		bcc	.L41
 219:Core/Src/lcd.c **** /*******************************************************************************
 1178              		.loc 1 219 1 view .LVU247
 1179 0022 38BD     		pop	{r3, r4, r5, pc}
 219:Core/Src/lcd.c **** /*******************************************************************************
 1180              		.loc 1 219 1 view .LVU248
 1181              		.cfi_endproc
 1182              	.LFE336:
 1184              		.section	.text.LCD_DrawChar,"ax",%progbits
 1185              		.align	1
 1186              		.global	LCD_DrawChar
 1187              		.syntax unified
 1188              		.thumb
 1189              		.thumb_func
 1191              	LCD_DrawChar:
 1192              	.LVL127:
 1193              	.LFB338:
 245:Core/Src/lcd.c **** 	u32 index = 0, i = 0;
 1194              		.loc 1 245 1 is_stmt 1 view -0
 1195              		.cfi_startproc
 1196              		@ args = 0, pretend = 0, frame = 0
 1197              		@ frame_needed = 0, uses_anonymous_args = 0
 245:Core/Src/lcd.c **** 	u32 index = 0, i = 0;
 1198              		.loc 1 245 1 is_stmt 0 view .LVU250
 1199 0000 2DE9F041 		push	{r4, r5, r6, r7, r8, lr}
 1200              	.LCFI12:
 1201              		.cfi_def_cfa_offset 24
 1202              		.cfi_offset 4, -24
 1203              		.cfi_offset 5, -20
 1204              		.cfi_offset 6, -16
 1205              		.cfi_offset 7, -12
 1206              		.cfi_offset 8, -8
 1207              		.cfi_offset 14, -4
 1208 0004 0746     		mov	r7, r0
 1209 0006 8846     		mov	r8, r1
 1210 0008 1646     		mov	r6, r2
 246:Core/Src/lcd.c **** 	u8 Xaddress = 0;
 1211              		.loc 1 246 2 is_stmt 1 view .LVU251
 1212              	.LVL128:
 247:Core/Src/lcd.c ****    
 1213              		.loc 1 247 2 view .LVU252
 249:Core/Src/lcd.c **** 	LCD_SetCursor(Xaddress, Ypos);
 1214              		.loc 1 249 2 view .LVU253
 250:Core/Src/lcd.c ****   
 1215              		.loc 1 250 2 view .LVU254
 1216 000a FFF7FEFF 		bl	LCD_SetCursor
 1217              	.LVL129:
 252:Core/Src/lcd.c **** 	{
 1218              		.loc 1 252 2 view .LVU255
 252:Core/Src/lcd.c **** 	{
ARM GAS  C:\Users\86133\AppData\Local\Temp\ccDgQJpj.s 			page 36


 1219              		.loc 1 252 12 is_stmt 0 view .LVU256
 1220 000e 0025     		movs	r5, #0
 252:Core/Src/lcd.c **** 	{
 1221              		.loc 1 252 2 view .LVU257
 1222 0010 1AE0     		b	.L44
 1223              	.LVL130:
 1224              	.L46:
 263:Core/Src/lcd.c **** 			}
 1225              		.loc 1 263 5 is_stmt 1 view .LVU258
 1226 0012 114B     		ldr	r3, .L53
 1227 0014 1888     		ldrh	r0, [r3]
 1228 0016 80B2     		uxth	r0, r0
 1229 0018 FFF7FEFF 		bl	LCD_WriteRAM
 1230              	.LVL131:
 1231              	.L47:
 255:Core/Src/lcd.c **** 		{
 1232              		.loc 1 255 22 discriminator 2 view .LVU259
 255:Core/Src/lcd.c **** 		{
 1233              		.loc 1 255 23 is_stmt 0 discriminator 2 view .LVU260
 1234 001c 0134     		adds	r4, r4, #1
 1235              	.LVL132:
 1236              	.L45:
 255:Core/Src/lcd.c **** 		{
 1237              		.loc 1 255 14 is_stmt 1 discriminator 1 view .LVU261
 255:Core/Src/lcd.c **** 		{
 1238              		.loc 1 255 3 is_stmt 0 discriminator 1 view .LVU262
 1239 001e 0F2C     		cmp	r4, #15
 1240 0020 0BD8     		bhi	.L51
 257:Core/Src/lcd.c **** 			{
 1241              		.loc 1 257 4 is_stmt 1 view .LVU263
 257:Core/Src/lcd.c **** 			{
 1242              		.loc 1 257 9 is_stmt 0 view .LVU264
 1243 0022 36F81530 		ldrh	r3, [r6, r5, lsl #1]
 257:Core/Src/lcd.c **** 			{
 1244              		.loc 1 257 29 view .LVU265
 1245 0026 2341     		asrs	r3, r3, r4
 257:Core/Src/lcd.c **** 			{
 1246              		.loc 1 257 6 view .LVU266
 1247 0028 13F0010F 		tst	r3, #1
 1248 002c F1D1     		bne	.L46
 259:Core/Src/lcd.c **** 			}
 1249              		.loc 1 259 5 is_stmt 1 view .LVU267
 1250 002e 0B4B     		ldr	r3, .L53+4
 1251 0030 1888     		ldrh	r0, [r3]
 1252 0032 80B2     		uxth	r0, r0
 1253 0034 FFF7FEFF 		bl	LCD_WriteRAM
 1254              	.LVL133:
 1255 0038 F0E7     		b	.L47
 1256              	.L51:
 266:Core/Src/lcd.c **** 		LCD_SetCursor(Xaddress, Ypos);
 1257              		.loc 1 266 3 discriminator 2 view .LVU268
 266:Core/Src/lcd.c **** 		LCD_SetCursor(Xaddress, Ypos);
 1258              		.loc 1 266 11 is_stmt 0 discriminator 2 view .LVU269
 1259 003a 0137     		adds	r7, r7, #1
 1260              	.LVL134:
 266:Core/Src/lcd.c **** 		LCD_SetCursor(Xaddress, Ypos);
 1261              		.loc 1 266 11 discriminator 2 view .LVU270
ARM GAS  C:\Users\86133\AppData\Local\Temp\ccDgQJpj.s 			page 37


 1262 003c FFB2     		uxtb	r7, r7
 1263              	.LVL135:
 267:Core/Src/lcd.c **** 	}
 1264              		.loc 1 267 3 is_stmt 1 discriminator 2 view .LVU271
 1265 003e 4146     		mov	r1, r8
 1266 0040 3846     		mov	r0, r7
 1267 0042 FFF7FEFF 		bl	LCD_SetCursor
 1268              	.LVL136:
 252:Core/Src/lcd.c **** 	{
 1269              		.loc 1 252 29 discriminator 2 view .LVU272
 252:Core/Src/lcd.c **** 	{
 1270              		.loc 1 252 34 is_stmt 0 discriminator 2 view .LVU273
 1271 0046 0135     		adds	r5, r5, #1
 1272              	.LVL137:
 1273              	.L44:
 252:Core/Src/lcd.c **** 	{
 1274              		.loc 1 252 17 is_stmt 1 discriminator 1 view .LVU274
 252:Core/Src/lcd.c **** 	{
 1275              		.loc 1 252 2 is_stmt 0 discriminator 1 view .LVU275
 1276 0048 172D     		cmp	r5, #23
 1277 004a 03D8     		bhi	.L52
 254:Core/Src/lcd.c **** 		for(i = 0; i < 16; i++)
 1278              		.loc 1 254 3 is_stmt 1 view .LVU276
 1279 004c FFF7FEFF 		bl	LCD_WriteRAM_Prepare
 1280              	.LVL138:
 255:Core/Src/lcd.c **** 		{
 1281              		.loc 1 255 3 view .LVU277
 255:Core/Src/lcd.c **** 		{
 1282              		.loc 1 255 9 is_stmt 0 view .LVU278
 1283 0050 0024     		movs	r4, #0
 255:Core/Src/lcd.c **** 		{
 1284              		.loc 1 255 3 view .LVU279
 1285 0052 E4E7     		b	.L45
 1286              	.LVL139:
 1287              	.L52:
 269:Core/Src/lcd.c **** /*******************************************************************************
 1288              		.loc 1 269 1 view .LVU280
 1289 0054 BDE8F081 		pop	{r4, r5, r6, r7, r8, pc}
 1290              	.LVL140:
 1291              	.L54:
 269:Core/Src/lcd.c **** /*******************************************************************************
 1292              		.loc 1 269 1 view .LVU281
 1293              		.align	2
 1294              	.L53:
 1295 0058 00000000 		.word	.LANCHOR0
 1296 005c 00000000 		.word	.LANCHOR1
 1297              		.cfi_endproc
 1298              	.LFE338:
 1300              		.section	.text.LCD_DisplayChar,"ax",%progbits
 1301              		.align	1
 1302              		.global	LCD_DisplayChar
 1303              		.syntax unified
 1304              		.thumb
 1305              		.thumb_func
 1307              	LCD_DisplayChar:
 1308              	.LVL141:
 1309              	.LFB339:
ARM GAS  C:\Users\86133\AppData\Local\Temp\ccDgQJpj.s 			page 38


 282:Core/Src/lcd.c **** 	Ascii -= 32;
 1310              		.loc 1 282 1 is_stmt 1 view -0
 1311              		.cfi_startproc
 1312              		@ args = 0, pretend = 0, frame = 0
 1313              		@ frame_needed = 0, uses_anonymous_args = 0
 282:Core/Src/lcd.c **** 	Ascii -= 32;
 1314              		.loc 1 282 1 is_stmt 0 view .LVU283
 1315 0000 08B5     		push	{r3, lr}
 1316              	.LCFI13:
 1317              		.cfi_def_cfa_offset 8
 1318              		.cfi_offset 3, -8
 1319              		.cfi_offset 14, -4
 283:Core/Src/lcd.c **** 	LCD_DrawChar(Line, Column, &ASCII_Table[Ascii * 24]);
 1320              		.loc 1 283 2 is_stmt 1 view .LVU284
 283:Core/Src/lcd.c **** 	LCD_DrawChar(Line, Column, &ASCII_Table[Ascii * 24]);
 1321              		.loc 1 283 8 is_stmt 0 view .LVU285
 1322 0002 203A     		subs	r2, r2, #32
 1323              	.LVL142:
 283:Core/Src/lcd.c **** 	LCD_DrawChar(Line, Column, &ASCII_Table[Ascii * 24]);
 1324              		.loc 1 283 8 view .LVU286
 1325 0004 D2B2     		uxtb	r2, r2
 1326              	.LVL143:
 284:Core/Src/lcd.c **** }
 1327              		.loc 1 284 2 is_stmt 1 view .LVU287
 284:Core/Src/lcd.c **** }
 1328              		.loc 1 284 48 is_stmt 0 view .LVU288
 1329 0006 02EB4202 		add	r2, r2, r2, lsl #1
 1330              	.LVL144:
 284:Core/Src/lcd.c **** }
 1331              		.loc 1 284 2 view .LVU289
 1332 000a 034B     		ldr	r3, .L57
 1333 000c 03EB0212 		add	r2, r3, r2, lsl #4
 1334 0010 FFF7FEFF 		bl	LCD_DrawChar
 1335              	.LVL145:
 285:Core/Src/lcd.c **** /*******************************************************************************
 1336              		.loc 1 285 1 view .LVU290
 1337 0014 08BD     		pop	{r3, pc}
 1338              	.L58:
 1339 0016 00BF     		.align	2
 1340              	.L57:
 1341 0018 00000000 		.word	ASCII_Table
 1342              		.cfi_endproc
 1343              	.LFE339:
 1345              		.section	.text.LCD_DisplayStringLine,"ax",%progbits
 1346              		.align	1
 1347              		.global	LCD_DisplayStringLine
 1348              		.syntax unified
 1349              		.thumb
 1350              		.thumb_func
 1352              	LCD_DisplayStringLine:
 1353              	.LVL146:
 1354              	.LFB340:
 297:Core/Src/lcd.c **** 	u32 i = 0;
 1355              		.loc 1 297 1 is_stmt 1 view -0
 1356              		.cfi_startproc
 1357              		@ args = 0, pretend = 0, frame = 0
 1358              		@ frame_needed = 0, uses_anonymous_args = 0
ARM GAS  C:\Users\86133\AppData\Local\Temp\ccDgQJpj.s 			page 39


 297:Core/Src/lcd.c **** 	u32 i = 0;
 1359              		.loc 1 297 1 is_stmt 0 view .LVU292
 1360 0000 F8B5     		push	{r3, r4, r5, r6, r7, lr}
 1361              	.LCFI14:
 1362              		.cfi_def_cfa_offset 24
 1363              		.cfi_offset 3, -24
 1364              		.cfi_offset 4, -20
 1365              		.cfi_offset 5, -16
 1366              		.cfi_offset 6, -12
 1367              		.cfi_offset 7, -8
 1368              		.cfi_offset 14, -4
 1369 0002 0746     		mov	r7, r0
 1370 0004 0D46     		mov	r5, r1
 298:Core/Src/lcd.c **** 	u16 refcolumn = 319;//319;
 1371              		.loc 1 298 2 is_stmt 1 view .LVU293
 1372              	.LVL147:
 299:Core/Src/lcd.c **** 
 1373              		.loc 1 299 2 view .LVU294
 301:Core/Src/lcd.c **** 	{
 1374              		.loc 1 301 2 view .LVU295
 299:Core/Src/lcd.c **** 
 1375              		.loc 1 299 6 is_stmt 0 view .LVU296
 1376 0006 40F23F14 		movw	r4, #319
 298:Core/Src/lcd.c **** 	u16 refcolumn = 319;//319;
 1377              		.loc 1 298 6 view .LVU297
 1378 000a 0026     		movs	r6, #0
 301:Core/Src/lcd.c **** 	{
 1379              		.loc 1 301 8 view .LVU298
 1380 000c 07E0     		b	.L60
 1381              	.LVL148:
 1382              	.L62:
 303:Core/Src/lcd.c **** 		refcolumn -= 16;
 1383              		.loc 1 303 3 is_stmt 1 view .LVU299
 1384 000e 2146     		mov	r1, r4
 1385 0010 3846     		mov	r0, r7
 1386 0012 FFF7FEFF 		bl	LCD_DisplayChar
 1387              	.LVL149:
 304:Core/Src/lcd.c **** 		ptr++;
 1388              		.loc 1 304 3 view .LVU300
 304:Core/Src/lcd.c **** 		ptr++;
 1389              		.loc 1 304 13 is_stmt 0 view .LVU301
 1390 0016 103C     		subs	r4, r4, #16
 1391              	.LVL150:
 304:Core/Src/lcd.c **** 		ptr++;
 1392              		.loc 1 304 13 view .LVU302
 1393 0018 A4B2     		uxth	r4, r4
 1394              	.LVL151:
 305:Core/Src/lcd.c **** 		i++;
 1395              		.loc 1 305 3 is_stmt 1 view .LVU303
 305:Core/Src/lcd.c **** 		i++;
 1396              		.loc 1 305 6 is_stmt 0 view .LVU304
 1397 001a 0135     		adds	r5, r5, #1
 1398              	.LVL152:
 306:Core/Src/lcd.c **** 	}
 1399              		.loc 1 306 3 is_stmt 1 view .LVU305
 306:Core/Src/lcd.c **** 	}
 1400              		.loc 1 306 4 is_stmt 0 view .LVU306
ARM GAS  C:\Users\86133\AppData\Local\Temp\ccDgQJpj.s 			page 40


 1401 001c 0136     		adds	r6, r6, #1
 1402              	.LVL153:
 1403              	.L60:
 301:Core/Src/lcd.c **** 	{
 1404              		.loc 1 301 8 is_stmt 1 view .LVU307
 301:Core/Src/lcd.c **** 	{
 1405              		.loc 1 301 10 is_stmt 0 view .LVU308
 1406 001e 2A78     		ldrb	r2, [r5]	@ zero_extendqisi2
 301:Core/Src/lcd.c **** 	{
 1407              		.loc 1 301 8 view .LVU309
 1408 0020 0AB1     		cbz	r2, .L59
 301:Core/Src/lcd.c **** 	{
 1409              		.loc 1 301 21 discriminator 1 view .LVU310
 1410 0022 132E     		cmp	r6, #19
 1411 0024 F3D9     		bls	.L62
 1412              	.L59:
 308:Core/Src/lcd.c **** /*******************************************************************************
 1413              		.loc 1 308 1 view .LVU311
 1414 0026 F8BD     		pop	{r3, r4, r5, r6, r7, pc}
 308:Core/Src/lcd.c **** /*******************************************************************************
 1415              		.loc 1 308 1 view .LVU312
 1416              		.cfi_endproc
 1417              	.LFE340:
 1419              		.section	.rodata.LCD_ClearLine.str1.4,"aMS",%progbits,1
 1420              		.align	2
 1421              	.LC0:
 1422 0000 20202020 		.ascii	"                    \000"
 1422      20202020 
 1422      20202020 
 1422      20202020 
 1422      20202020 
 1423              		.section	.text.LCD_ClearLine,"ax",%progbits
 1424              		.align	1
 1425              		.global	LCD_ClearLine
 1426              		.syntax unified
 1427              		.thumb
 1428              		.thumb_func
 1430              	LCD_ClearLine:
 1431              	.LVL154:
 1432              	.LFB335:
 200:Core/Src/lcd.c **** 	LCD_DisplayStringLine(Line, (u8*)"                    ");
 1433              		.loc 1 200 1 is_stmt 1 view -0
 1434              		.cfi_startproc
 1435              		@ args = 0, pretend = 0, frame = 0
 1436              		@ frame_needed = 0, uses_anonymous_args = 0
 200:Core/Src/lcd.c **** 	LCD_DisplayStringLine(Line, (u8*)"                    ");
 1437              		.loc 1 200 1 is_stmt 0 view .LVU314
 1438 0000 08B5     		push	{r3, lr}
 1439              	.LCFI15:
 1440              		.cfi_def_cfa_offset 8
 1441              		.cfi_offset 3, -8
 1442              		.cfi_offset 14, -4
 201:Core/Src/lcd.c **** }
 1443              		.loc 1 201 2 is_stmt 1 view .LVU315
 1444 0002 0249     		ldr	r1, .L66
 1445 0004 FFF7FEFF 		bl	LCD_DisplayStringLine
 1446              	.LVL155:
ARM GAS  C:\Users\86133\AppData\Local\Temp\ccDgQJpj.s 			page 41


 202:Core/Src/lcd.c **** /*******************************************************************************
 1447              		.loc 1 202 1 is_stmt 0 view .LVU316
 1448 0008 08BD     		pop	{r3, pc}
 1449              	.L67:
 1450 000a 00BF     		.align	2
 1451              	.L66:
 1452 000c 00000000 		.word	.LC0
 1453              		.cfi_endproc
 1454              	.LFE335:
 1456              		.section	.text.LCD_DrawLine,"ax",%progbits
 1457              		.align	1
 1458              		.global	LCD_DrawLine
 1459              		.syntax unified
 1460              		.thumb
 1461              		.thumb_func
 1463              	LCD_DrawLine:
 1464              	.LVL156:
 1465              	.LFB343:
 367:Core/Src/lcd.c **** 	u32 i = 0;
 1466              		.loc 1 367 1 is_stmt 1 view -0
 1467              		.cfi_startproc
 1468              		@ args = 0, pretend = 0, frame = 0
 1469              		@ frame_needed = 0, uses_anonymous_args = 0
 367:Core/Src/lcd.c **** 	u32 i = 0;
 1470              		.loc 1 367 1 is_stmt 0 view .LVU318
 1471 0000 F8B5     		push	{r3, r4, r5, r6, r7, lr}
 1472              	.LCFI16:
 1473              		.cfi_def_cfa_offset 24
 1474              		.cfi_offset 3, -24
 1475              		.cfi_offset 4, -20
 1476              		.cfi_offset 5, -16
 1477              		.cfi_offset 6, -12
 1478              		.cfi_offset 7, -8
 1479              		.cfi_offset 14, -4
 1480 0002 0446     		mov	r4, r0
 1481 0004 0F46     		mov	r7, r1
 1482 0006 1646     		mov	r6, r2
 1483 0008 1D46     		mov	r5, r3
 368:Core/Src/lcd.c ****   
 1484              		.loc 1 368 2 is_stmt 1 view .LVU319
 1485              	.LVL157:
 370:Core/Src/lcd.c **** 	if(Direction == Horizontal)
 1486              		.loc 1 370 2 view .LVU320
 1487 000a FFF7FEFF 		bl	LCD_SetCursor
 1488              	.LVL158:
 371:Core/Src/lcd.c **** 	{
 1489              		.loc 1 371 2 view .LVU321
 371:Core/Src/lcd.c **** 	{
 1490              		.loc 1 371 4 is_stmt 0 view .LVU322
 1491 000e 0DB1     		cbz	r5, .L76
 381:Core/Src/lcd.c **** 		{
 1492              		.loc 1 381 9 view .LVU323
 1493 0010 0025     		movs	r5, #0
 1494 0012 1AE0     		b	.L69
 1495              	.L76:
 373:Core/Src/lcd.c **** 		for(i = 0; i < Length; i++)
 1496              		.loc 1 373 3 is_stmt 1 view .LVU324
ARM GAS  C:\Users\86133\AppData\Local\Temp\ccDgQJpj.s 			page 42


 1497 0014 FFF7FEFF 		bl	LCD_WriteRAM_Prepare
 1498              	.LVL159:
 374:Core/Src/lcd.c **** 		{
 1499              		.loc 1 374 3 view .LVU325
 374:Core/Src/lcd.c **** 		{
 1500              		.loc 1 374 9 is_stmt 0 view .LVU326
 1501 0018 0024     		movs	r4, #0
 374:Core/Src/lcd.c **** 		{
 1502              		.loc 1 374 3 view .LVU327
 1503 001a 05E0     		b	.L70
 1504              	.LVL160:
 1505              	.L71:
 376:Core/Src/lcd.c **** 		}
 1506              		.loc 1 376 4 is_stmt 1 discriminator 3 view .LVU328
 1507 001c 0C4B     		ldr	r3, .L77
 1508 001e 1888     		ldrh	r0, [r3]
 1509 0020 80B2     		uxth	r0, r0
 1510 0022 FFF7FEFF 		bl	LCD_WriteRAM
 1511              	.LVL161:
 374:Core/Src/lcd.c **** 		{
 1512              		.loc 1 374 26 discriminator 3 view .LVU329
 374:Core/Src/lcd.c **** 		{
 1513              		.loc 1 374 27 is_stmt 0 discriminator 3 view .LVU330
 1514 0026 0134     		adds	r4, r4, #1
 1515              	.LVL162:
 1516              	.L70:
 374:Core/Src/lcd.c **** 		{
 1517              		.loc 1 374 14 is_stmt 1 discriminator 1 view .LVU331
 374:Core/Src/lcd.c **** 		{
 1518              		.loc 1 374 3 is_stmt 0 discriminator 1 view .LVU332
 1519 0028 A642     		cmp	r6, r4
 1520 002a F7D8     		bhi	.L71
 1521 002c 0FE0     		b	.L68
 1522              	.LVL163:
 1523              	.L73:
 383:Core/Src/lcd.c **** 			LCD_WriteRAM(TextColor);
 1524              		.loc 1 383 4 is_stmt 1 discriminator 3 view .LVU333
 1525 002e FFF7FEFF 		bl	LCD_WriteRAM_Prepare
 1526              	.LVL164:
 384:Core/Src/lcd.c **** 			Xpos++;
 1527              		.loc 1 384 4 discriminator 3 view .LVU334
 1528 0032 074B     		ldr	r3, .L77
 1529 0034 1888     		ldrh	r0, [r3]
 1530 0036 80B2     		uxth	r0, r0
 1531 0038 FFF7FEFF 		bl	LCD_WriteRAM
 1532              	.LVL165:
 385:Core/Src/lcd.c **** 			LCD_SetCursor(Xpos, Ypos);
 1533              		.loc 1 385 4 discriminator 3 view .LVU335
 385:Core/Src/lcd.c **** 			LCD_SetCursor(Xpos, Ypos);
 1534              		.loc 1 385 8 is_stmt 0 discriminator 3 view .LVU336
 1535 003c 0134     		adds	r4, r4, #1
 1536              	.LVL166:
 385:Core/Src/lcd.c **** 			LCD_SetCursor(Xpos, Ypos);
 1537              		.loc 1 385 8 discriminator 3 view .LVU337
 1538 003e E4B2     		uxtb	r4, r4
 1539              	.LVL167:
 386:Core/Src/lcd.c **** 		}
ARM GAS  C:\Users\86133\AppData\Local\Temp\ccDgQJpj.s 			page 43


 1540              		.loc 1 386 4 is_stmt 1 discriminator 3 view .LVU338
 1541 0040 3946     		mov	r1, r7
 1542 0042 2046     		mov	r0, r4
 1543 0044 FFF7FEFF 		bl	LCD_SetCursor
 1544              	.LVL168:
 381:Core/Src/lcd.c **** 		{
 1545              		.loc 1 381 26 discriminator 3 view .LVU339
 381:Core/Src/lcd.c **** 		{
 1546              		.loc 1 381 27 is_stmt 0 discriminator 3 view .LVU340
 1547 0048 0135     		adds	r5, r5, #1
 1548              	.LVL169:
 1549              	.L69:
 381:Core/Src/lcd.c **** 		{
 1550              		.loc 1 381 14 is_stmt 1 discriminator 1 view .LVU341
 381:Core/Src/lcd.c **** 		{
 1551              		.loc 1 381 3 is_stmt 0 discriminator 1 view .LVU342
 1552 004a AE42     		cmp	r6, r5
 1553 004c EFD8     		bhi	.L73
 1554              	.LVL170:
 1555              	.L68:
 389:Core/Src/lcd.c **** /*******************************************************************************
 1556              		.loc 1 389 1 view .LVU343
 1557 004e F8BD     		pop	{r3, r4, r5, r6, r7, pc}
 1558              	.L78:
 1559              		.align	2
 1560              	.L77:
 1561 0050 00000000 		.word	.LANCHOR0
 1562              		.cfi_endproc
 1563              	.LFE343:
 1565              		.section	.text.LCD_DrawRect,"ax",%progbits
 1566              		.align	1
 1567              		.global	LCD_DrawRect
 1568              		.syntax unified
 1569              		.thumb
 1570              		.thumb_func
 1572              	LCD_DrawRect:
 1573              	.LVL171:
 1574              	.LFB344:
 401:Core/Src/lcd.c **** 	LCD_DrawLine(Xpos, Ypos, Width, Horizontal);
 1575              		.loc 1 401 1 is_stmt 1 view -0
 1576              		.cfi_startproc
 1577              		@ args = 0, pretend = 0, frame = 0
 1578              		@ frame_needed = 0, uses_anonymous_args = 0
 401:Core/Src/lcd.c **** 	LCD_DrawLine(Xpos, Ypos, Width, Horizontal);
 1579              		.loc 1 401 1 is_stmt 0 view .LVU345
 1580 0000 F8B5     		push	{r3, r4, r5, r6, r7, lr}
 1581              	.LCFI17:
 1582              		.cfi_def_cfa_offset 24
 1583              		.cfi_offset 3, -24
 1584              		.cfi_offset 4, -20
 1585              		.cfi_offset 5, -16
 1586              		.cfi_offset 6, -12
 1587              		.cfi_offset 7, -8
 1588              		.cfi_offset 14, -4
 1589 0002 0646     		mov	r6, r0
 1590 0004 0C46     		mov	r4, r1
 1591 0006 1546     		mov	r5, r2
ARM GAS  C:\Users\86133\AppData\Local\Temp\ccDgQJpj.s 			page 44


 1592 0008 1F46     		mov	r7, r3
 402:Core/Src/lcd.c **** 	LCD_DrawLine((Xpos + Height), Ypos, Width, Horizontal);
 1593              		.loc 1 402 2 is_stmt 1 view .LVU346
 1594 000a 0023     		movs	r3, #0
 1595              	.LVL172:
 402:Core/Src/lcd.c **** 	LCD_DrawLine((Xpos + Height), Ypos, Width, Horizontal);
 1596              		.loc 1 402 2 is_stmt 0 view .LVU347
 1597 000c 3A46     		mov	r2, r7
 1598              	.LVL173:
 402:Core/Src/lcd.c **** 	LCD_DrawLine((Xpos + Height), Ypos, Width, Horizontal);
 1599              		.loc 1 402 2 view .LVU348
 1600 000e FFF7FEFF 		bl	LCD_DrawLine
 1601              	.LVL174:
 403:Core/Src/lcd.c ****   
 1602              		.loc 1 403 2 is_stmt 1 view .LVU349
 1603 0012 7019     		adds	r0, r6, r5
 1604 0014 0023     		movs	r3, #0
 1605 0016 3A46     		mov	r2, r7
 1606 0018 2146     		mov	r1, r4
 1607 001a C0B2     		uxtb	r0, r0
 1608 001c FFF7FEFF 		bl	LCD_DrawLine
 1609              	.LVL175:
 405:Core/Src/lcd.c **** 	LCD_DrawLine(Xpos, (Ypos - Width + 1), Height, Vertical);
 1610              		.loc 1 405 2 view .LVU350
 1611 0020 ADB2     		uxth	r5, r5
 1612 0022 0123     		movs	r3, #1
 1613 0024 2A46     		mov	r2, r5
 1614 0026 2146     		mov	r1, r4
 1615 0028 3046     		mov	r0, r6
 1616 002a FFF7FEFF 		bl	LCD_DrawLine
 1617              	.LVL176:
 406:Core/Src/lcd.c **** }
 1618              		.loc 1 406 2 view .LVU351
 406:Core/Src/lcd.c **** }
 1619              		.loc 1 406 27 is_stmt 0 view .LVU352
 1620 002e E11B     		subs	r1, r4, r7
 1621 0030 89B2     		uxth	r1, r1
 406:Core/Src/lcd.c **** }
 1622              		.loc 1 406 2 view .LVU353
 1623 0032 0131     		adds	r1, r1, #1
 1624 0034 0123     		movs	r3, #1
 1625 0036 2A46     		mov	r2, r5
 1626 0038 89B2     		uxth	r1, r1
 1627 003a 3046     		mov	r0, r6
 1628 003c FFF7FEFF 		bl	LCD_DrawLine
 1629              	.LVL177:
 407:Core/Src/lcd.c **** /*******************************************************************************
 1630              		.loc 1 407 1 view .LVU354
 1631 0040 F8BD     		pop	{r3, r4, r5, r6, r7, pc}
 1632              		.cfi_endproc
 1633              	.LFE344:
 1635              		.section	.text.LCD_DrawCircle,"ax",%progbits
 1636              		.align	1
 1637              		.global	LCD_DrawCircle
 1638              		.syntax unified
 1639              		.thumb
 1640              		.thumb_func
ARM GAS  C:\Users\86133\AppData\Local\Temp\ccDgQJpj.s 			page 45


 1642              	LCD_DrawCircle:
 1643              	.LVL178:
 1644              	.LFB345:
 419:Core/Src/lcd.c **** 	s32  D;
 1645              		.loc 1 419 1 is_stmt 1 view -0
 1646              		.cfi_startproc
 1647              		@ args = 0, pretend = 0, frame = 8
 1648              		@ frame_needed = 0, uses_anonymous_args = 0
 419:Core/Src/lcd.c **** 	s32  D;
 1649              		.loc 1 419 1 is_stmt 0 view .LVU356
 1650 0000 2DE9F04F 		push	{r4, r5, r6, r7, r8, r9, r10, fp, lr}
 1651              	.LCFI18:
 1652              		.cfi_def_cfa_offset 36
 1653              		.cfi_offset 4, -36
 1654              		.cfi_offset 5, -32
 1655              		.cfi_offset 6, -28
 1656              		.cfi_offset 7, -24
 1657              		.cfi_offset 8, -20
 1658              		.cfi_offset 9, -16
 1659              		.cfi_offset 10, -12
 1660              		.cfi_offset 11, -8
 1661              		.cfi_offset 14, -4
 1662 0004 83B0     		sub	sp, sp, #12
 1663              	.LCFI19:
 1664              		.cfi_def_cfa_offset 48
 1665 0006 8146     		mov	r9, r0
 1666 0008 8846     		mov	r8, r1
 420:Core/Src/lcd.c **** 	u32  CurX;
 1667              		.loc 1 420 2 is_stmt 1 view .LVU357
 421:Core/Src/lcd.c **** 	u32  CurY;
 1668              		.loc 1 421 2 view .LVU358
 422:Core/Src/lcd.c ****   
 1669              		.loc 1 422 2 view .LVU359
 424:Core/Src/lcd.c ****   	CurX = 0;
 1670              		.loc 1 424 4 view .LVU360
 424:Core/Src/lcd.c ****   	CurX = 0;
 1671              		.loc 1 424 20 is_stmt 0 view .LVU361
 1672 000a 4FEA420A 		lsl	r10, r2, #1
 424:Core/Src/lcd.c ****   	CurX = 0;
 1673              		.loc 1 424 6 view .LVU362
 1674 000e CAF1030A 		rsb	r10, r10, #3
 1675              	.LVL179:
 425:Core/Src/lcd.c ****   	CurY = Radius;
 1676              		.loc 1 425 4 is_stmt 1 view .LVU363
 426:Core/Src/lcd.c ****   
 1677              		.loc 1 426 4 view .LVU364
 426:Core/Src/lcd.c ****   
 1678              		.loc 1 426 9 is_stmt 0 view .LVU365
 1679 0012 0092     		str	r2, [sp]
 1680              	.LVL180:
 428:Core/Src/lcd.c ****   	{
 1681              		.loc 1 428 4 is_stmt 1 view .LVU366
 425:Core/Src/lcd.c ****   	CurY = Radius;
 1682              		.loc 1 425 9 is_stmt 0 view .LVU367
 1683 0014 0027     		movs	r7, #0
 428:Core/Src/lcd.c ****   	{
 1684              		.loc 1 428 10 view .LVU368
ARM GAS  C:\Users\86133\AppData\Local\Temp\ccDgQJpj.s 			page 46


 1685 0016 08E0     		b	.L82
 1686              	.LVL181:
 1687              	.L83:
 468:Core/Src/lcd.c **** 	      CurY--;
 1688              		.loc 1 468 8 is_stmt 1 view .LVU369
 468:Core/Src/lcd.c **** 	      CurY--;
 1689              		.loc 1 468 20 is_stmt 0 view .LVU370
 1690 0018 009A     		ldr	r2, [sp]
 1691 001a BB1A     		subs	r3, r7, r2
 468:Core/Src/lcd.c **** 	      CurY--;
 1692              		.loc 1 468 10 view .LVU371
 1693 001c 0AEB830A 		add	r10, r10, r3, lsl #2
 1694              	.LVL182:
 468:Core/Src/lcd.c **** 	      CurY--;
 1695              		.loc 1 468 10 view .LVU372
 1696 0020 0AF10A0A 		add	r10, r10, #10
 1697              	.LVL183:
 469:Core/Src/lcd.c **** 	    }
 1698              		.loc 1 469 8 is_stmt 1 view .LVU373
 469:Core/Src/lcd.c **** 	    }
 1699              		.loc 1 469 12 is_stmt 0 view .LVU374
 1700 0024 531E     		subs	r3, r2, #1
 1701 0026 0093     		str	r3, [sp]
 1702              	.LVL184:
 1703              	.L84:
 471:Core/Src/lcd.c ****   	}
 1704              		.loc 1 471 6 is_stmt 1 view .LVU375
 471:Core/Src/lcd.c ****   	}
 1705              		.loc 1 471 10 is_stmt 0 view .LVU376
 1706 0028 0137     		adds	r7, r7, #1
 1707              	.LVL185:
 1708              	.L82:
 428:Core/Src/lcd.c ****   	{
 1709              		.loc 1 428 10 is_stmt 1 view .LVU377
 1710 002a 009B     		ldr	r3, [sp]
 1711 002c 9F42     		cmp	r7, r3
 1712 002e 7DD8     		bhi	.L87
 430:Core/Src/lcd.c **** 	    LCD_WriteRAM_Prepare(); /* Prepare to write GRAM */
 1713              		.loc 1 430 6 view .LVU378
 1714 0030 FBB2     		uxtb	r3, r7
 1715 0032 0193     		str	r3, [sp, #4]
 1716 0034 03EB0905 		add	r5, r3, r9
 1717 0038 EDB2     		uxtb	r5, r5
 1718 003a BDF80060 		ldrh	r6, [sp]
 1719 003e 06EB080B 		add	fp, r6, r8
 1720 0042 1FFA8BFB 		uxth	fp, fp
 1721 0046 5946     		mov	r1, fp
 1722 0048 2846     		mov	r0, r5
 1723 004a FFF7FEFF 		bl	LCD_SetCursor
 1724              	.LVL186:
 431:Core/Src/lcd.c **** 	    LCD_WriteRAM(TextColor);
 1725              		.loc 1 431 6 view .LVU379
 1726 004e FFF7FEFF 		bl	LCD_WriteRAM_Prepare
 1727              	.LVL187:
 432:Core/Src/lcd.c **** 	
 1728              		.loc 1 432 6 view .LVU380
 1729 0052 384C     		ldr	r4, .L88
ARM GAS  C:\Users\86133\AppData\Local\Temp\ccDgQJpj.s 			page 47


 1730 0054 2088     		ldrh	r0, [r4]
 1731 0056 80B2     		uxth	r0, r0
 1732 0058 FFF7FEFF 		bl	LCD_WriteRAM
 1733              	.LVL188:
 434:Core/Src/lcd.c **** 	    LCD_WriteRAM_Prepare(); /* Prepare to write GRAM */
 1734              		.loc 1 434 6 view .LVU381
 1735 005c A8EB0606 		sub	r6, r8, r6
 1736 0060 B6B2     		uxth	r6, r6
 1737 0062 3146     		mov	r1, r6
 1738 0064 2846     		mov	r0, r5
 1739 0066 FFF7FEFF 		bl	LCD_SetCursor
 1740              	.LVL189:
 435:Core/Src/lcd.c **** 	    LCD_WriteRAM(TextColor);
 1741              		.loc 1 435 6 view .LVU382
 1742 006a FFF7FEFF 		bl	LCD_WriteRAM_Prepare
 1743              	.LVL190:
 436:Core/Src/lcd.c **** 	
 1744              		.loc 1 436 6 view .LVU383
 1745 006e 2088     		ldrh	r0, [r4]
 1746 0070 80B2     		uxth	r0, r0
 1747 0072 FFF7FEFF 		bl	LCD_WriteRAM
 1748              	.LVL191:
 438:Core/Src/lcd.c **** 	    LCD_WriteRAM_Prepare(); /* Prepare to write GRAM */
 1749              		.loc 1 438 6 view .LVU384
 1750 0076 019B     		ldr	r3, [sp, #4]
 1751 0078 A9EB0305 		sub	r5, r9, r3
 1752 007c EDB2     		uxtb	r5, r5
 1753 007e 5946     		mov	r1, fp
 1754 0080 2846     		mov	r0, r5
 1755 0082 FFF7FEFF 		bl	LCD_SetCursor
 1756              	.LVL192:
 439:Core/Src/lcd.c **** 	    LCD_WriteRAM(TextColor);
 1757              		.loc 1 439 6 view .LVU385
 1758 0086 FFF7FEFF 		bl	LCD_WriteRAM_Prepare
 1759              	.LVL193:
 440:Core/Src/lcd.c **** 	
 1760              		.loc 1 440 6 view .LVU386
 1761 008a 2088     		ldrh	r0, [r4]
 1762 008c 80B2     		uxth	r0, r0
 1763 008e FFF7FEFF 		bl	LCD_WriteRAM
 1764              	.LVL194:
 442:Core/Src/lcd.c **** 	    LCD_WriteRAM_Prepare(); /* Prepare to write GRAM */
 1765              		.loc 1 442 6 view .LVU387
 1766 0092 3146     		mov	r1, r6
 1767 0094 2846     		mov	r0, r5
 1768 0096 FFF7FEFF 		bl	LCD_SetCursor
 1769              	.LVL195:
 443:Core/Src/lcd.c **** 	    LCD_WriteRAM(TextColor);
 1770              		.loc 1 443 6 view .LVU388
 1771 009a FFF7FEFF 		bl	LCD_WriteRAM_Prepare
 1772              	.LVL196:
 444:Core/Src/lcd.c **** 	
 1773              		.loc 1 444 6 view .LVU389
 1774 009e 2088     		ldrh	r0, [r4]
 1775 00a0 80B2     		uxth	r0, r0
 1776 00a2 FFF7FEFF 		bl	LCD_WriteRAM
 1777              	.LVL197:
ARM GAS  C:\Users\86133\AppData\Local\Temp\ccDgQJpj.s 			page 48


 446:Core/Src/lcd.c **** 	    LCD_WriteRAM_Prepare(); /* Prepare to write GRAM */
 1778              		.loc 1 446 6 view .LVU390
 1779 00a6 9DF80030 		ldrb	r3, [sp]	@ zero_extendqisi2
 1780 00aa 0193     		str	r3, [sp, #4]
 1781 00ac 03EB0905 		add	r5, r3, r9
 1782 00b0 EDB2     		uxtb	r5, r5
 1783 00b2 BEB2     		uxth	r6, r7
 1784 00b4 06EB080B 		add	fp, r6, r8
 1785 00b8 1FFA8BFB 		uxth	fp, fp
 1786 00bc 5946     		mov	r1, fp
 1787 00be 2846     		mov	r0, r5
 1788 00c0 FFF7FEFF 		bl	LCD_SetCursor
 1789              	.LVL198:
 447:Core/Src/lcd.c **** 	    LCD_WriteRAM(TextColor);
 1790              		.loc 1 447 6 view .LVU391
 1791 00c4 FFF7FEFF 		bl	LCD_WriteRAM_Prepare
 1792              	.LVL199:
 448:Core/Src/lcd.c **** 	
 1793              		.loc 1 448 6 view .LVU392
 1794 00c8 2088     		ldrh	r0, [r4]
 1795 00ca 80B2     		uxth	r0, r0
 1796 00cc FFF7FEFF 		bl	LCD_WriteRAM
 1797              	.LVL200:
 450:Core/Src/lcd.c **** 	    LCD_WriteRAM_Prepare(); /* Prepare to write GRAM */
 1798              		.loc 1 450 6 view .LVU393
 1799 00d0 A8EB0606 		sub	r6, r8, r6
 1800 00d4 B6B2     		uxth	r6, r6
 1801 00d6 3146     		mov	r1, r6
 1802 00d8 2846     		mov	r0, r5
 1803 00da FFF7FEFF 		bl	LCD_SetCursor
 1804              	.LVL201:
 451:Core/Src/lcd.c **** 	    LCD_WriteRAM(TextColor);
 1805              		.loc 1 451 6 view .LVU394
 1806 00de FFF7FEFF 		bl	LCD_WriteRAM_Prepare
 1807              	.LVL202:
 452:Core/Src/lcd.c **** 	
 1808              		.loc 1 452 6 view .LVU395
 1809 00e2 2088     		ldrh	r0, [r4]
 1810 00e4 80B2     		uxth	r0, r0
 1811 00e6 FFF7FEFF 		bl	LCD_WriteRAM
 1812              	.LVL203:
 454:Core/Src/lcd.c **** 	    LCD_WriteRAM_Prepare(); /* Prepare to write GRAM */
 1813              		.loc 1 454 6 view .LVU396
 1814 00ea 019B     		ldr	r3, [sp, #4]
 1815 00ec A9EB0305 		sub	r5, r9, r3
 1816 00f0 EDB2     		uxtb	r5, r5
 1817 00f2 5946     		mov	r1, fp
 1818 00f4 2846     		mov	r0, r5
 1819 00f6 FFF7FEFF 		bl	LCD_SetCursor
 1820              	.LVL204:
 455:Core/Src/lcd.c **** 	    LCD_WriteRAM(TextColor);
 1821              		.loc 1 455 6 view .LVU397
 1822 00fa FFF7FEFF 		bl	LCD_WriteRAM_Prepare
 1823              	.LVL205:
 456:Core/Src/lcd.c **** 	
 1824              		.loc 1 456 6 view .LVU398
 1825 00fe 2088     		ldrh	r0, [r4]
ARM GAS  C:\Users\86133\AppData\Local\Temp\ccDgQJpj.s 			page 49


 1826 0100 80B2     		uxth	r0, r0
 1827 0102 FFF7FEFF 		bl	LCD_WriteRAM
 1828              	.LVL206:
 458:Core/Src/lcd.c **** 	    LCD_WriteRAM_Prepare(); /* Prepare to write GRAM */
 1829              		.loc 1 458 6 view .LVU399
 1830 0106 3146     		mov	r1, r6
 1831 0108 2846     		mov	r0, r5
 1832 010a FFF7FEFF 		bl	LCD_SetCursor
 1833              	.LVL207:
 459:Core/Src/lcd.c **** 	    LCD_WriteRAM(TextColor);
 1834              		.loc 1 459 6 view .LVU400
 1835 010e FFF7FEFF 		bl	LCD_WriteRAM_Prepare
 1836              	.LVL208:
 460:Core/Src/lcd.c **** 
 1837              		.loc 1 460 6 view .LVU401
 1838 0112 2088     		ldrh	r0, [r4]
 1839 0114 80B2     		uxth	r0, r0
 1840 0116 FFF7FEFF 		bl	LCD_WriteRAM
 1841              	.LVL209:
 462:Core/Src/lcd.c **** 	    { 
 1842              		.loc 1 462 6 view .LVU402
 462:Core/Src/lcd.c **** 	    { 
 1843              		.loc 1 462 9 is_stmt 0 view .LVU403
 1844 011a BAF1000F 		cmp	r10, #0
 1845 011e BFF67BAF 		bge	.L83
 464:Core/Src/lcd.c **** 	    }
 1846              		.loc 1 464 8 is_stmt 1 view .LVU404
 464:Core/Src/lcd.c **** 	    }
 1847              		.loc 1 464 10 is_stmt 0 view .LVU405
 1848 0122 0AEB870A 		add	r10, r10, r7, lsl #2
 1849              	.LVL210:
 464:Core/Src/lcd.c **** 	    }
 1850              		.loc 1 464 10 view .LVU406
 1851 0126 0AF1060A 		add	r10, r10, #6
 1852              	.LVL211:
 464:Core/Src/lcd.c **** 	    }
 1853              		.loc 1 464 10 view .LVU407
 1854 012a 7DE7     		b	.L84
 1855              	.LVL212:
 1856              	.L87:
 473:Core/Src/lcd.c **** /*******************************************************************************
 1857              		.loc 1 473 1 view .LVU408
 1858 012c 03B0     		add	sp, sp, #12
 1859              	.LCFI20:
 1860              		.cfi_def_cfa_offset 36
 1861              		@ sp needed
 1862 012e BDE8F08F 		pop	{r4, r5, r6, r7, r8, r9, r10, fp, pc}
 1863              	.LVL213:
 1864              	.L89:
 473:Core/Src/lcd.c **** /*******************************************************************************
 1865              		.loc 1 473 1 view .LVU409
 1866 0132 00BF     		.align	2
 1867              	.L88:
 1868 0134 00000000 		.word	.LANCHOR0
 1869              		.cfi_endproc
 1870              	.LFE345:
 1872              		.section	.text.LCD_DrawMonoPict,"ax",%progbits
ARM GAS  C:\Users\86133\AppData\Local\Temp\ccDgQJpj.s 			page 50


 1873              		.align	1
 1874              		.global	LCD_DrawMonoPict
 1875              		.syntax unified
 1876              		.thumb
 1877              		.thumb_func
 1879              	LCD_DrawMonoPict:
 1880              	.LVL214:
 1881              	.LFB346:
 482:Core/Src/lcd.c **** 	u32 index = 0, i = 0;
 1882              		.loc 1 482 1 is_stmt 1 view -0
 1883              		.cfi_startproc
 1884              		@ args = 0, pretend = 0, frame = 0
 1885              		@ frame_needed = 0, uses_anonymous_args = 0
 482:Core/Src/lcd.c **** 	u32 index = 0, i = 0;
 1886              		.loc 1 482 1 is_stmt 0 view .LVU411
 1887 0000 70B5     		push	{r4, r5, r6, lr}
 1888              	.LCFI21:
 1889              		.cfi_def_cfa_offset 16
 1890              		.cfi_offset 4, -16
 1891              		.cfi_offset 5, -12
 1892              		.cfi_offset 6, -8
 1893              		.cfi_offset 14, -4
 1894 0002 0646     		mov	r6, r0
 483:Core/Src/lcd.c **** 
 1895              		.loc 1 483 2 is_stmt 1 view .LVU412
 1896              	.LVL215:
 485:Core/Src/lcd.c **** 
 1897              		.loc 1 485 2 view .LVU413
 1898 0004 40F23F11 		movw	r1, #319
 1899 0008 0020     		movs	r0, #0
 1900              	.LVL216:
 485:Core/Src/lcd.c **** 
 1901              		.loc 1 485 2 is_stmt 0 view .LVU414
 1902 000a FFF7FEFF 		bl	LCD_SetCursor
 1903              	.LVL217:
 487:Core/Src/lcd.c **** 	for(index = 0; index < 2400; index++)
 1904              		.loc 1 487 2 is_stmt 1 view .LVU415
 1905 000e FFF7FEFF 		bl	LCD_WriteRAM_Prepare
 1906              	.LVL218:
 488:Core/Src/lcd.c **** 	{
 1907              		.loc 1 488 2 view .LVU416
 488:Core/Src/lcd.c **** 	{
 1908              		.loc 1 488 12 is_stmt 0 view .LVU417
 1909 0012 0025     		movs	r5, #0
 488:Core/Src/lcd.c **** 	{
 1910              		.loc 1 488 2 view .LVU418
 1911 0014 14E0     		b	.L91
 1912              	.LVL219:
 1913              	.L92:
 498:Core/Src/lcd.c **** 			}
 1914              		.loc 1 498 5 is_stmt 1 view .LVU419
 1915 0016 0D4B     		ldr	r3, .L100
 1916 0018 1888     		ldrh	r0, [r3]
 1917 001a 80B2     		uxth	r0, r0
 1918 001c FFF7FEFF 		bl	LCD_WriteRAM
 1919              	.LVL220:
 1920              	.L93:
ARM GAS  C:\Users\86133\AppData\Local\Temp\ccDgQJpj.s 			page 51


 490:Core/Src/lcd.c **** 		{
 1921              		.loc 1 490 22 discriminator 2 view .LVU420
 490:Core/Src/lcd.c **** 		{
 1922              		.loc 1 490 23 is_stmt 0 discriminator 2 view .LVU421
 1923 0020 0134     		adds	r4, r4, #1
 1924              	.LVL221:
 1925              	.L95:
 490:Core/Src/lcd.c **** 		{
 1926              		.loc 1 490 14 is_stmt 1 discriminator 1 view .LVU422
 490:Core/Src/lcd.c **** 		{
 1927              		.loc 1 490 3 is_stmt 0 discriminator 1 view .LVU423
 1928 0022 1F2C     		cmp	r4, #31
 1929 0024 0BD8     		bhi	.L98
 492:Core/Src/lcd.c **** 			{
 1930              		.loc 1 492 4 is_stmt 1 view .LVU424
 492:Core/Src/lcd.c **** 			{
 1931              		.loc 1 492 12 is_stmt 0 view .LVU425
 1932 0026 56F82520 		ldr	r2, [r6, r5, lsl #2]
 492:Core/Src/lcd.c **** 			{
 1933              		.loc 1 492 25 view .LVU426
 1934 002a 0123     		movs	r3, #1
 1935 002c A340     		lsls	r3, r3, r4
 492:Core/Src/lcd.c **** 			{
 1936              		.loc 1 492 6 view .LVU427
 1937 002e 1A42     		tst	r2, r3
 1938 0030 F1D1     		bne	.L92
 494:Core/Src/lcd.c **** 			}
 1939              		.loc 1 494 5 is_stmt 1 view .LVU428
 1940 0032 074B     		ldr	r3, .L100+4
 1941 0034 1888     		ldrh	r0, [r3]
 1942 0036 80B2     		uxth	r0, r0
 1943 0038 FFF7FEFF 		bl	LCD_WriteRAM
 1944              	.LVL222:
 1945 003c F0E7     		b	.L93
 1946              	.L98:
 488:Core/Src/lcd.c **** 	{
 1947              		.loc 1 488 31 discriminator 2 view .LVU429
 488:Core/Src/lcd.c **** 	{
 1948              		.loc 1 488 36 is_stmt 0 discriminator 2 view .LVU430
 1949 003e 0135     		adds	r5, r5, #1
 1950              	.LVL223:
 1951              	.L91:
 488:Core/Src/lcd.c **** 	{
 1952              		.loc 1 488 17 is_stmt 1 discriminator 1 view .LVU431
 488:Core/Src/lcd.c **** 	{
 1953              		.loc 1 488 2 is_stmt 0 discriminator 1 view .LVU432
 1954 0040 B5F5166F 		cmp	r5, #2400
 1955 0044 01D2     		bcs	.L99
 490:Core/Src/lcd.c **** 		{
 1956              		.loc 1 490 9 view .LVU433
 1957 0046 0024     		movs	r4, #0
 1958 0048 EBE7     		b	.L95
 1959              	.L99:
 502:Core/Src/lcd.c **** /*******************************************************************************
 1960              		.loc 1 502 1 view .LVU434
 1961 004a 70BD     		pop	{r4, r5, r6, pc}
 1962              	.LVL224:
ARM GAS  C:\Users\86133\AppData\Local\Temp\ccDgQJpj.s 			page 52


 1963              	.L101:
 502:Core/Src/lcd.c **** /*******************************************************************************
 1964              		.loc 1 502 1 view .LVU435
 1965              		.align	2
 1966              	.L100:
 1967 004c 00000000 		.word	.LANCHOR0
 1968 0050 00000000 		.word	.LANCHOR1
 1969              		.cfi_endproc
 1970              	.LFE346:
 1972              		.section	.text.LCD_WriteBMP,"ax",%progbits
 1973              		.align	1
 1974              		.global	LCD_WriteBMP
 1975              		.syntax unified
 1976              		.thumb
 1977              		.thumb_func
 1979              	LCD_WriteBMP:
 1980              	.LVL225:
 1981              	.LFB347:
 511:Core/Src/lcd.c **** 	u32 index = 0, size = 0;
 1982              		.loc 1 511 1 is_stmt 1 view -0
 1983              		.cfi_startproc
 1984              		@ args = 0, pretend = 0, frame = 0
 1985              		@ frame_needed = 0, uses_anonymous_args = 0
 511:Core/Src/lcd.c **** 	u32 index = 0, size = 0;
 1986              		.loc 1 511 1 is_stmt 0 view .LVU437
 1987 0000 70B5     		push	{r4, r5, r6, lr}
 1988              	.LCFI22:
 1989              		.cfi_def_cfa_offset 16
 1990              		.cfi_offset 4, -16
 1991              		.cfi_offset 5, -12
 1992              		.cfi_offset 6, -8
 1993              		.cfi_offset 14, -4
 512:Core/Src/lcd.c **** 
 1994              		.loc 1 512 2 is_stmt 1 view .LVU438
 1995              	.LVL226:
 514:Core/Src/lcd.c **** 	size |= (*(vu16 *) (BmpAddress + 4)) << 16;
 1996              		.loc 1 514 2 view .LVU439
 514:Core/Src/lcd.c **** 	size |= (*(vu16 *) (BmpAddress + 4)) << 16;
 1997              		.loc 1 514 9 is_stmt 0 view .LVU440
 1998 0002 4688     		ldrh	r6, [r0, #2]
 1999 0004 B6B2     		uxth	r6, r6
 2000              	.LVL227:
 515:Core/Src/lcd.c **** 
 2001              		.loc 1 515 2 is_stmt 1 view .LVU441
 515:Core/Src/lcd.c **** 
 2002              		.loc 1 515 11 is_stmt 0 view .LVU442
 2003 0006 8388     		ldrh	r3, [r0, #4]
 515:Core/Src/lcd.c **** 
 2004              		.loc 1 515 7 view .LVU443
 2005 0008 46EA0346 		orr	r6, r6, r3, lsl #16
 2006              	.LVL228:
 517:Core/Src/lcd.c **** 	index |= (*(vu16 *) (BmpAddress + 12)) << 16;
 2007              		.loc 1 517 2 is_stmt 1 view .LVU444
 517:Core/Src/lcd.c **** 	index |= (*(vu16 *) (BmpAddress + 12)) << 16;
 2008              		.loc 1 517 10 is_stmt 0 view .LVU445
 2009 000c 4589     		ldrh	r5, [r0, #10]
 2010 000e ADB2     		uxth	r5, r5
ARM GAS  C:\Users\86133\AppData\Local\Temp\ccDgQJpj.s 			page 53


 2011              	.LVL229:
 518:Core/Src/lcd.c **** 	size = (size - index)/2;
 2012              		.loc 1 518 2 is_stmt 1 view .LVU446
 518:Core/Src/lcd.c **** 	size = (size - index)/2;
 2013              		.loc 1 518 12 is_stmt 0 view .LVU447
 2014 0010 8389     		ldrh	r3, [r0, #12]
 518:Core/Src/lcd.c **** 	size = (size - index)/2;
 2015              		.loc 1 518 8 view .LVU448
 2016 0012 45EA0345 		orr	r5, r5, r3, lsl #16
 2017              	.LVL230:
 519:Core/Src/lcd.c **** 	BmpAddress += index;
 2018              		.loc 1 519 2 is_stmt 1 view .LVU449
 519:Core/Src/lcd.c **** 	BmpAddress += index;
 2019              		.loc 1 519 15 is_stmt 0 view .LVU450
 2020 0016 761B     		subs	r6, r6, r5
 2021              	.LVL231:
 519:Core/Src/lcd.c **** 	BmpAddress += index;
 2022              		.loc 1 519 7 view .LVU451
 2023 0018 7608     		lsrs	r6, r6, #1
 2024              	.LVL232:
 520:Core/Src/lcd.c **** 
 2025              		.loc 1 520 2 is_stmt 1 view .LVU452
 520:Core/Src/lcd.c **** 
 2026              		.loc 1 520 13 is_stmt 0 view .LVU453
 2027 001a 0544     		add	r5, r5, r0
 2028              	.LVL233:
 522:Core/Src/lcd.c **** 	LCD_WriteRAM_Prepare();
 2029              		.loc 1 522 2 is_stmt 1 view .LVU454
 2030 001c 41F20801 		movw	r1, #4104
 2031 0020 0320     		movs	r0, #3
 2032 0022 FFF7FEFF 		bl	LCD_WriteReg
 2033              	.LVL234:
 523:Core/Src/lcd.c **** 	for(index = 0; index < size; index++)
 2034              		.loc 1 523 2 view .LVU455
 2035 0026 FFF7FEFF 		bl	LCD_WriteRAM_Prepare
 2036              	.LVL235:
 524:Core/Src/lcd.c **** 	{
 2037              		.loc 1 524 2 view .LVU456
 524:Core/Src/lcd.c **** 	{
 2038              		.loc 1 524 12 is_stmt 0 view .LVU457
 2039 002a 0024     		movs	r4, #0
 524:Core/Src/lcd.c **** 	{
 2040              		.loc 1 524 2 view .LVU458
 2041 002c 05E0     		b	.L103
 2042              	.LVL236:
 2043              	.L104:
 526:Core/Src/lcd.c **** 		BmpAddress += 2;
 2044              		.loc 1 526 3 is_stmt 1 discriminator 3 view .LVU459
 2045 002e 35F8020B 		ldrh	r0, [r5], #2
 2046              	.LVL237:
 526:Core/Src/lcd.c **** 		BmpAddress += 2;
 2047              		.loc 1 526 3 is_stmt 0 discriminator 3 view .LVU460
 2048 0032 80B2     		uxth	r0, r0
 2049 0034 FFF7FEFF 		bl	LCD_WriteRAM
 2050              	.LVL238:
 527:Core/Src/lcd.c **** 	}
 2051              		.loc 1 527 3 is_stmt 1 discriminator 3 view .LVU461
ARM GAS  C:\Users\86133\AppData\Local\Temp\ccDgQJpj.s 			page 54


 524:Core/Src/lcd.c **** 	{
 2052              		.loc 1 524 31 discriminator 3 view .LVU462
 524:Core/Src/lcd.c **** 	{
 2053              		.loc 1 524 36 is_stmt 0 discriminator 3 view .LVU463
 2054 0038 0134     		adds	r4, r4, #1
 2055              	.LVL239:
 2056              	.L103:
 524:Core/Src/lcd.c **** 	{
 2057              		.loc 1 524 17 is_stmt 1 discriminator 1 view .LVU464
 524:Core/Src/lcd.c **** 	{
 2058              		.loc 1 524 2 is_stmt 0 discriminator 1 view .LVU465
 2059 003a B442     		cmp	r4, r6
 2060 003c F7D3     		bcc	.L104
 529:Core/Src/lcd.c **** }
 2061              		.loc 1 529 2 is_stmt 1 view .LVU466
 2062 003e 41F21801 		movw	r1, #4120
 2063 0042 0320     		movs	r0, #3
 2064 0044 FFF7FEFF 		bl	LCD_WriteReg
 2065              	.LVL240:
 530:Core/Src/lcd.c **** /*******************************************************************************
 2066              		.loc 1 530 1 is_stmt 0 view .LVU467
 2067 0048 70BD     		pop	{r4, r5, r6, pc}
 530:Core/Src/lcd.c **** /*******************************************************************************
 2068              		.loc 1 530 1 view .LVU468
 2069              		.cfi_endproc
 2070              	.LFE347:
 2072              		.section	.text.LCD_PowerOn,"ax",%progbits
 2073              		.align	1
 2074              		.global	LCD_PowerOn
 2075              		.syntax unified
 2076              		.thumb
 2077              		.thumb_func
 2079              	LCD_PowerOn:
 2080              	.LFB353:
 647:Core/Src/lcd.c **** /*******************************************************************************
 648:Core/Src/lcd.c **** * Function Name  : LCD_ReadRAM
 649:Core/Src/lcd.c **** * Description    : Reads the LCD RAM.
 650:Core/Src/lcd.c **** * Input          : None
 651:Core/Src/lcd.c **** * Output         : None
 652:Core/Src/lcd.c **** * Return         : LCD RAM Value.
 653:Core/Src/lcd.c **** *******************************************************************************/
 654:Core/Src/lcd.c **** u16 LCD_ReadRAM(void)
 655:Core/Src/lcd.c **** {
 656:Core/Src/lcd.c **** 	u16 temp;
 657:Core/Src/lcd.c **** 
 658:Core/Src/lcd.c **** 	GPIOB->BRR  |=  GPIO_PIN_9; 
 659:Core/Src/lcd.c **** 	GPIOB->BRR  |=  GPIO_PIN_8; 
 660:Core/Src/lcd.c **** 	GPIOB->BSRR |=  GPIO_PIN_5; 
 661:Core/Src/lcd.c **** 
 662:Core/Src/lcd.c **** 	GPIOC->ODR = R34;     
 663:Core/Src/lcd.c **** 	GPIOB->BRR  |=  GPIO_PIN_5;  
 664:Core/Src/lcd.c **** 	__nop();
 665:Core/Src/lcd.c **** 	__nop();
 666:Core/Src/lcd.c **** 	__nop();  
 667:Core/Src/lcd.c **** 	GPIOB->BSRR |=  GPIO_PIN_5; 
 668:Core/Src/lcd.c **** 	GPIOB->BSRR |=  GPIO_PIN_8; 
 669:Core/Src/lcd.c **** 
ARM GAS  C:\Users\86133\AppData\Local\Temp\ccDgQJpj.s 			page 55


 670:Core/Src/lcd.c **** 	LCD_BusIn();
 671:Core/Src/lcd.c **** 	GPIOA->BRR |=  GPIO_PIN_8;
 672:Core/Src/lcd.c **** 	__nop();
 673:Core/Src/lcd.c **** 	__nop();
 674:Core/Src/lcd.c **** 	__nop();  	
 675:Core/Src/lcd.c **** 	temp = GPIOC->IDR & 0xFF;  
 676:Core/Src/lcd.c **** 	GPIOA->BSRR |=  GPIO_PIN_8;	
 677:Core/Src/lcd.c **** 	
 678:Core/Src/lcd.c **** 	LCD_BusOut();
 679:Core/Src/lcd.c **** 	GPIOB->BSRR |=  GPIO_PIN_9; 
 680:Core/Src/lcd.c ****                          
 681:Core/Src/lcd.c **** 	return temp;
 682:Core/Src/lcd.c **** }
 683:Core/Src/lcd.c **** /*******************************************************************************
 684:Core/Src/lcd.c **** * Function Name  : LCD_PowerOn
 685:Core/Src/lcd.c **** * Description    : Power on the LCD.
 686:Core/Src/lcd.c **** * Input          : None
 687:Core/Src/lcd.c **** * Output         : None
 688:Core/Src/lcd.c **** * Return         : None
 689:Core/Src/lcd.c **** *******************************************************************************/
 690:Core/Src/lcd.c **** void LCD_PowerOn(void)
 691:Core/Src/lcd.c **** {
 2081              		.loc 1 691 1 is_stmt 1 view -0
 2082              		.cfi_startproc
 2083              		@ args = 0, pretend = 0, frame = 0
 2084              		@ frame_needed = 0, uses_anonymous_args = 0
 2085 0000 08B5     		push	{r3, lr}
 2086              	.LCFI23:
 2087              		.cfi_def_cfa_offset 8
 2088              		.cfi_offset 3, -8
 2089              		.cfi_offset 14, -4
 692:Core/Src/lcd.c **** 	LCD_WriteReg(R16, 0x0000);
 2090              		.loc 1 692 2 view .LVU470
 2091 0002 0021     		movs	r1, #0
 2092 0004 1020     		movs	r0, #16
 2093 0006 FFF7FEFF 		bl	LCD_WriteReg
 2094              	.LVL241:
 693:Core/Src/lcd.c **** 	LCD_WriteReg(R17, 0x0000); 
 2095              		.loc 1 693 2 view .LVU471
 2096 000a 0021     		movs	r1, #0
 2097 000c 1120     		movs	r0, #17
 2098 000e FFF7FEFF 		bl	LCD_WriteReg
 2099              	.LVL242:
 694:Core/Src/lcd.c **** 	LCD_WriteReg(R18, 0x0000);
 2100              		.loc 1 694 2 view .LVU472
 2101 0012 0021     		movs	r1, #0
 2102 0014 1220     		movs	r0, #18
 2103 0016 FFF7FEFF 		bl	LCD_WriteReg
 2104              	.LVL243:
 695:Core/Src/lcd.c **** 	LCD_WriteReg(R19, 0x0000); 
 2105              		.loc 1 695 2 view .LVU473
 2106 001a 0021     		movs	r1, #0
 2107 001c 1320     		movs	r0, #19
 2108 001e FFF7FEFF 		bl	LCD_WriteReg
 2109              	.LVL244:
 696:Core/Src/lcd.c **** 	Delay_LCD(20);             
 2110              		.loc 1 696 2 view .LVU474
ARM GAS  C:\Users\86133\AppData\Local\Temp\ccDgQJpj.s 			page 56


 697:Core/Src/lcd.c **** 	LCD_WriteReg(R16, 0x17B0); 
 2111              		.loc 1 697 2 view .LVU475
 2112 0022 41F2B071 		movw	r1, #6064
 2113 0026 1020     		movs	r0, #16
 2114 0028 FFF7FEFF 		bl	LCD_WriteReg
 2115              	.LVL245:
 698:Core/Src/lcd.c **** 	LCD_WriteReg(R17, 0x0137);
 2116              		.loc 1 698 2 view .LVU476
 2117 002c 40F23711 		movw	r1, #311
 2118 0030 1120     		movs	r0, #17
 2119 0032 FFF7FEFF 		bl	LCD_WriteReg
 2120              	.LVL246:
 699:Core/Src/lcd.c **** 	Delay_LCD(5);             
 2121              		.loc 1 699 2 view .LVU477
 700:Core/Src/lcd.c **** 	LCD_WriteReg(R18, 0x0139); 
 2122              		.loc 1 700 2 view .LVU478
 2123 0036 40F23911 		movw	r1, #313
 2124 003a 1220     		movs	r0, #18
 2125 003c FFF7FEFF 		bl	LCD_WriteReg
 2126              	.LVL247:
 701:Core/Src/lcd.c **** 	Delay_LCD(5);             
 2127              		.loc 1 701 2 view .LVU479
 702:Core/Src/lcd.c **** 	LCD_WriteReg(R19, 0x1d00); 
 2128              		.loc 1 702 2 view .LVU480
 2129 0040 4FF4E851 		mov	r1, #7424
 2130 0044 1320     		movs	r0, #19
 2131 0046 FFF7FEFF 		bl	LCD_WriteReg
 2132              	.LVL248:
 703:Core/Src/lcd.c **** 	LCD_WriteReg(R41, 0x0013); 
 2133              		.loc 1 703 2 view .LVU481
 2134 004a 1321     		movs	r1, #19
 2135 004c 2920     		movs	r0, #41
 2136 004e FFF7FEFF 		bl	LCD_WriteReg
 2137              	.LVL249:
 704:Core/Src/lcd.c **** 	Delay_LCD(5);             
 2138              		.loc 1 704 2 view .LVU482
 705:Core/Src/lcd.c **** 	LCD_WriteReg(R7, 0x0173);
 2139              		.loc 1 705 2 view .LVU483
 2140 0052 40F27311 		movw	r1, #371
 2141 0056 0720     		movs	r0, #7
 2142 0058 FFF7FEFF 		bl	LCD_WriteReg
 2143              	.LVL250:
 706:Core/Src/lcd.c **** }
 2144              		.loc 1 706 1 is_stmt 0 view .LVU484
 2145 005c 08BD     		pop	{r3, pc}
 2146              		.cfi_endproc
 2147              	.LFE353:
 2149              		.section	.text.LCD_DisplayOn,"ax",%progbits
 2150              		.align	1
 2151              		.global	LCD_DisplayOn
 2152              		.syntax unified
 2153              		.thumb
 2154              		.thumb_func
 2156              	LCD_DisplayOn:
 2157              	.LFB354:
 707:Core/Src/lcd.c **** /*******************************************************************************
 708:Core/Src/lcd.c **** * Function Name  : LCD_DisplayOn
ARM GAS  C:\Users\86133\AppData\Local\Temp\ccDgQJpj.s 			page 57


 709:Core/Src/lcd.c **** * Description    : Enables the Display.
 710:Core/Src/lcd.c **** * Input          : None
 711:Core/Src/lcd.c **** * Output         : None
 712:Core/Src/lcd.c **** * Return         : None
 713:Core/Src/lcd.c **** *******************************************************************************/
 714:Core/Src/lcd.c **** void LCD_DisplayOn(void)
 715:Core/Src/lcd.c **** {
 2158              		.loc 1 715 1 is_stmt 1 view -0
 2159              		.cfi_startproc
 2160              		@ args = 0, pretend = 0, frame = 0
 2161              		@ frame_needed = 0, uses_anonymous_args = 0
 2162 0000 08B5     		push	{r3, lr}
 2163              	.LCFI24:
 2164              		.cfi_def_cfa_offset 8
 2165              		.cfi_offset 3, -8
 2166              		.cfi_offset 14, -4
 716:Core/Src/lcd.c **** 	LCD_WriteReg(R7, 0x0173);
 2167              		.loc 1 716 2 view .LVU486
 2168 0002 40F27311 		movw	r1, #371
 2169 0006 0720     		movs	r0, #7
 2170 0008 FFF7FEFF 		bl	LCD_WriteReg
 2171              	.LVL251:
 717:Core/Src/lcd.c **** }
 2172              		.loc 1 717 1 is_stmt 0 view .LVU487
 2173 000c 08BD     		pop	{r3, pc}
 2174              		.cfi_endproc
 2175              	.LFE354:
 2177              		.section	.text.LCD_DisplayOff,"ax",%progbits
 2178              		.align	1
 2179              		.global	LCD_DisplayOff
 2180              		.syntax unified
 2181              		.thumb
 2182              		.thumb_func
 2184              	LCD_DisplayOff:
 2185              	.LFB355:
 718:Core/Src/lcd.c **** /*******************************************************************************
 719:Core/Src/lcd.c **** * Function Name  : LCD_DisplayOff
 720:Core/Src/lcd.c **** * Description    : Disables the Display.
 721:Core/Src/lcd.c **** * Input          : None
 722:Core/Src/lcd.c **** * Output         : None
 723:Core/Src/lcd.c **** * Return         : None
 724:Core/Src/lcd.c **** *******************************************************************************/
 725:Core/Src/lcd.c **** void LCD_DisplayOff(void)
 726:Core/Src/lcd.c **** {
 2186              		.loc 1 726 1 is_stmt 1 view -0
 2187              		.cfi_startproc
 2188              		@ args = 0, pretend = 0, frame = 0
 2189              		@ frame_needed = 0, uses_anonymous_args = 0
 2190 0000 08B5     		push	{r3, lr}
 2191              	.LCFI25:
 2192              		.cfi_def_cfa_offset 8
 2193              		.cfi_offset 3, -8
 2194              		.cfi_offset 14, -4
 727:Core/Src/lcd.c **** 	LCD_WriteReg(R7, 0x0); 
 2195              		.loc 1 727 2 view .LVU489
 2196 0002 0021     		movs	r1, #0
 2197 0004 0720     		movs	r0, #7
ARM GAS  C:\Users\86133\AppData\Local\Temp\ccDgQJpj.s 			page 58


 2198 0006 FFF7FEFF 		bl	LCD_WriteReg
 2199              	.LVL252:
 728:Core/Src/lcd.c **** }
 2200              		.loc 1 728 1 is_stmt 0 view .LVU490
 2201 000a 08BD     		pop	{r3, pc}
 2202              		.cfi_endproc
 2203              	.LFE355:
 2205              		.section	.text.LCD_BusIn,"ax",%progbits
 2206              		.align	1
 2207              		.global	LCD_BusIn
 2208              		.syntax unified
 2209              		.thumb
 2210              		.thumb_func
 2212              	LCD_BusIn:
 2213              	.LFB357:
 729:Core/Src/lcd.c **** /*******************************************************************************
 730:Core/Src/lcd.c **** * Function Name  : LCD_CtrlLinesConfig
 731:Core/Src/lcd.c **** * Description    : Configures LCD Control lines.
 732:Core/Src/lcd.c ****                    Push-Pull mode.
 733:Core/Src/lcd.c **** * Input          : None
 734:Core/Src/lcd.c **** * Output         : None
 735:Core/Src/lcd.c **** * Return         : None
 736:Core/Src/lcd.c **** *******************************************************************************/
 737:Core/Src/lcd.c **** void LCD_CtrlLinesConfig(void)
 738:Core/Src/lcd.c **** {
 739:Core/Src/lcd.c **** 	GPIO_InitTypeDef GPIO_InitStruct = {0};
 740:Core/Src/lcd.c **** 	
 741:Core/Src/lcd.c ****   __HAL_RCC_GPIOC_CLK_ENABLE();
 742:Core/Src/lcd.c ****   __HAL_RCC_GPIOA_CLK_ENABLE();
 743:Core/Src/lcd.c ****   __HAL_RCC_GPIOB_CLK_ENABLE();
 744:Core/Src/lcd.c **** 	
 745:Core/Src/lcd.c **** 	GPIO_InitStruct.Pin = GPIO_PIN_5 | GPIO_PIN_8 | GPIO_PIN_9;
 746:Core/Src/lcd.c **** 	GPIO_InitStruct.Mode = GPIO_MODE_OUTPUT_PP;
 747:Core/Src/lcd.c ****   GPIO_InitStruct.Speed = GPIO_SPEED_FREQ_LOW;
 748:Core/Src/lcd.c ****   GPIO_InitStruct.Pull = GPIO_NOPULL;
 749:Core/Src/lcd.c ****   HAL_GPIO_Init(GPIOB, &GPIO_InitStruct); 
 750:Core/Src/lcd.c **** 
 751:Core/Src/lcd.c **** 	GPIO_InitStruct.Pin =  GPIO_PIN_8 ;
 752:Core/Src/lcd.c **** 	GPIO_InitStruct.Mode = GPIO_MODE_OUTPUT_PP;
 753:Core/Src/lcd.c ****   GPIO_InitStruct.Speed = GPIO_SPEED_FREQ_LOW;
 754:Core/Src/lcd.c ****   GPIO_InitStruct.Pull = GPIO_NOPULL;
 755:Core/Src/lcd.c ****   HAL_GPIO_Init(GPIOA, &GPIO_InitStruct); 
 756:Core/Src/lcd.c **** 
 757:Core/Src/lcd.c **** 	LCD_BusOut();
 758:Core/Src/lcd.c **** 
 759:Core/Src/lcd.c **** 	GPIOA->BSRR |= 0x0100;
 760:Core/Src/lcd.c **** 	GPIOB->BSRR |= 0x0220;
 761:Core/Src/lcd.c **** }
 762:Core/Src/lcd.c **** 
 763:Core/Src/lcd.c **** /*******************************************************************************
 764:Core/Src/lcd.c **** * Function Name  : LCD_BusIn
 765:Core/Src/lcd.c **** * Description    : Configures the Parallel interface for LCD(PortC)
 766:Core/Src/lcd.c **** * Input          : None
 767:Core/Src/lcd.c **** * Output         : None
 768:Core/Src/lcd.c **** * Return         : None
 769:Core/Src/lcd.c **** *******************************************************************************/
 770:Core/Src/lcd.c **** void LCD_BusIn(void)
ARM GAS  C:\Users\86133\AppData\Local\Temp\ccDgQJpj.s 			page 59


 771:Core/Src/lcd.c **** {	
 2214              		.loc 1 771 1 is_stmt 1 view -0
 2215              		.cfi_startproc
 2216              		@ args = 0, pretend = 0, frame = 24
 2217              		@ frame_needed = 0, uses_anonymous_args = 0
 2218 0000 00B5     		push	{lr}
 2219              	.LCFI26:
 2220              		.cfi_def_cfa_offset 4
 2221              		.cfi_offset 14, -4
 2222 0002 87B0     		sub	sp, sp, #28
 2223              	.LCFI27:
 2224              		.cfi_def_cfa_offset 32
 772:Core/Src/lcd.c **** 	GPIO_InitTypeDef GPIO_InitStruct = {0};
 2225              		.loc 1 772 2 view .LVU492
 2226              		.loc 1 772 19 is_stmt 0 view .LVU493
 2227 0004 0023     		movs	r3, #0
 2228 0006 0193     		str	r3, [sp, #4]
 2229 0008 0293     		str	r3, [sp, #8]
 2230 000a 0393     		str	r3, [sp, #12]
 2231 000c 0493     		str	r3, [sp, #16]
 2232 000e 0593     		str	r3, [sp, #20]
 773:Core/Src/lcd.c **** 	
 774:Core/Src/lcd.c **** 	GPIO_InitStruct.Pin = GPIO_PIN_0|GPIO_PIN_1|GPIO_PIN_2|GPIO_PIN_3|GPIO_PIN_4|GPIO_PIN_5|GPIO_PIN_6
 2233              		.loc 1 774 2 is_stmt 1 view .LVU494
 2234              		.loc 1 774 22 is_stmt 0 view .LVU495
 2235 0010 FF23     		movs	r3, #255
 2236 0012 0193     		str	r3, [sp, #4]
 775:Core/Src/lcd.c ****   GPIO_InitStruct.Mode = GPIO_MODE_INPUT;
 2237              		.loc 1 775 3 is_stmt 1 view .LVU496
 776:Core/Src/lcd.c ****   GPIO_InitStruct.Speed = GPIO_SPEED_FREQ_VERY_HIGH;
 2238              		.loc 1 776 3 view .LVU497
 2239              		.loc 1 776 25 is_stmt 0 view .LVU498
 2240 0014 0323     		movs	r3, #3
 2241 0016 0493     		str	r3, [sp, #16]
 777:Core/Src/lcd.c ****   GPIO_InitStruct.Pull = GPIO_NOPULL;
 2242              		.loc 1 777 3 is_stmt 1 view .LVU499
 778:Core/Src/lcd.c ****   HAL_GPIO_Init(GPIOC, &GPIO_InitStruct); 		
 2243              		.loc 1 778 3 view .LVU500
 2244 0018 01A9     		add	r1, sp, #4
 2245 001a 0348     		ldr	r0, .L114
 2246 001c FFF7FEFF 		bl	HAL_GPIO_Init
 2247              	.LVL253:
 779:Core/Src/lcd.c **** }
 2248              		.loc 1 779 1 is_stmt 0 view .LVU501
 2249 0020 07B0     		add	sp, sp, #28
 2250              	.LCFI28:
 2251              		.cfi_def_cfa_offset 4
 2252              		@ sp needed
 2253 0022 5DF804FB 		ldr	pc, [sp], #4
 2254              	.L115:
 2255 0026 00BF     		.align	2
 2256              	.L114:
 2257 0028 00080048 		.word	1207961600
 2258              		.cfi_endproc
 2259              	.LFE357:
 2261              		.section	.text.LCD_BusOut,"ax",%progbits
 2262              		.align	1
ARM GAS  C:\Users\86133\AppData\Local\Temp\ccDgQJpj.s 			page 60


 2263              		.global	LCD_BusOut
 2264              		.syntax unified
 2265              		.thumb
 2266              		.thumb_func
 2268              	LCD_BusOut:
 2269              	.LFB358:
 780:Core/Src/lcd.c **** 
 781:Core/Src/lcd.c **** /*******************************************************************************
 782:Core/Src/lcd.c **** * Function Name  : LCD_BusOut
 783:Core/Src/lcd.c **** * Description    : Configures the Parallel interface for LCD(PortC)
 784:Core/Src/lcd.c **** * Input          : None
 785:Core/Src/lcd.c **** * Output         : None
 786:Core/Src/lcd.c **** * Return         : None
 787:Core/Src/lcd.c **** *******************************************************************************/
 788:Core/Src/lcd.c **** void LCD_BusOut(void)
 789:Core/Src/lcd.c **** {
 2270              		.loc 1 789 1 is_stmt 1 view -0
 2271              		.cfi_startproc
 2272              		@ args = 0, pretend = 0, frame = 24
 2273              		@ frame_needed = 0, uses_anonymous_args = 0
 2274 0000 00B5     		push	{lr}
 2275              	.LCFI29:
 2276              		.cfi_def_cfa_offset 4
 2277              		.cfi_offset 14, -4
 2278 0002 87B0     		sub	sp, sp, #28
 2279              	.LCFI30:
 2280              		.cfi_def_cfa_offset 32
 790:Core/Src/lcd.c **** 	GPIO_InitTypeDef GPIO_InitStruct = {0};
 2281              		.loc 1 790 2 view .LVU503
 2282              		.loc 1 790 19 is_stmt 0 view .LVU504
 2283 0004 0023     		movs	r3, #0
 2284 0006 0193     		str	r3, [sp, #4]
 2285 0008 0293     		str	r3, [sp, #8]
 2286 000a 0393     		str	r3, [sp, #12]
 2287 000c 0493     		str	r3, [sp, #16]
 2288 000e 0593     		str	r3, [sp, #20]
 791:Core/Src/lcd.c **** 	
 792:Core/Src/lcd.c **** 	GPIO_InitStruct.Pin = GPIO_PIN_0|GPIO_PIN_1|GPIO_PIN_2|GPIO_PIN_3|GPIO_PIN_4|GPIO_PIN_5|GPIO_PIN_6
 2289              		.loc 1 792 2 is_stmt 1 view .LVU505
 2290              		.loc 1 792 22 is_stmt 0 view .LVU506
 2291 0010 FF23     		movs	r3, #255
 2292 0012 0193     		str	r3, [sp, #4]
 793:Core/Src/lcd.c ****   GPIO_InitStruct.Mode = GPIO_MODE_OUTPUT_PP;
 2293              		.loc 1 793 3 is_stmt 1 view .LVU507
 2294              		.loc 1 793 24 is_stmt 0 view .LVU508
 2295 0014 0123     		movs	r3, #1
 2296 0016 0293     		str	r3, [sp, #8]
 794:Core/Src/lcd.c ****   GPIO_InitStruct.Speed = GPIO_SPEED_FREQ_VERY_HIGH;
 2297              		.loc 1 794 3 is_stmt 1 view .LVU509
 2298              		.loc 1 794 25 is_stmt 0 view .LVU510
 2299 0018 0323     		movs	r3, #3
 2300 001a 0493     		str	r3, [sp, #16]
 795:Core/Src/lcd.c ****   GPIO_InitStruct.Pull = GPIO_NOPULL;
 2301              		.loc 1 795 3 is_stmt 1 view .LVU511
 796:Core/Src/lcd.c ****   HAL_GPIO_Init(GPIOC, &GPIO_InitStruct); 	
 2302              		.loc 1 796 3 view .LVU512
 2303 001c 01A9     		add	r1, sp, #4
ARM GAS  C:\Users\86133\AppData\Local\Temp\ccDgQJpj.s 			page 61


 2304 001e 0348     		ldr	r0, .L118
 2305 0020 FFF7FEFF 		bl	HAL_GPIO_Init
 2306              	.LVL254:
 797:Core/Src/lcd.c **** }
 2307              		.loc 1 797 1 is_stmt 0 view .LVU513
 2308 0024 07B0     		add	sp, sp, #28
 2309              	.LCFI31:
 2310              		.cfi_def_cfa_offset 4
 2311              		@ sp needed
 2312 0026 5DF804FB 		ldr	pc, [sp], #4
 2313              	.L119:
 2314 002a 00BF     		.align	2
 2315              	.L118:
 2316 002c 00080048 		.word	1207961600
 2317              		.cfi_endproc
 2318              	.LFE358:
 2320              		.section	.text.LCD_ReadReg,"ax",%progbits
 2321              		.align	1
 2322              		.global	LCD_ReadReg
 2323              		.syntax unified
 2324              		.thumb
 2325              		.thumb_func
 2327              	LCD_ReadReg:
 2328              	.LVL255:
 2329              	.LFB349:
 569:Core/Src/lcd.c **** 	u16 temp;
 2330              		.loc 1 569 1 is_stmt 1 view -0
 2331              		.cfi_startproc
 2332              		@ args = 0, pretend = 0, frame = 0
 2333              		@ frame_needed = 0, uses_anonymous_args = 0
 569:Core/Src/lcd.c **** 	u16 temp;
 2334              		.loc 1 569 1 is_stmt 0 view .LVU515
 2335 0000 38B5     		push	{r3, r4, r5, lr}
 2336              	.LCFI32:
 2337              		.cfi_def_cfa_offset 16
 2338              		.cfi_offset 3, -16
 2339              		.cfi_offset 4, -12
 2340              		.cfi_offset 5, -8
 2341              		.cfi_offset 14, -4
 570:Core/Src/lcd.c **** 
 2342              		.loc 1 570 2 is_stmt 1 view .LVU516
 572:Core/Src/lcd.c **** 	GPIOB->BRR |= GPIO_PIN_8;  
 2343              		.loc 1 572 2 view .LVU517
 572:Core/Src/lcd.c **** 	GPIOB->BRR |= GPIO_PIN_8;  
 2344              		.loc 1 572 13 is_stmt 0 view .LVU518
 2345 0002 1B4C     		ldr	r4, .L122
 2346 0004 A36A     		ldr	r3, [r4, #40]
 2347 0006 43F40073 		orr	r3, r3, #512
 2348 000a A362     		str	r3, [r4, #40]
 573:Core/Src/lcd.c **** 	GPIOB->BSRR |= GPIO_PIN_5; 
 2349              		.loc 1 573 2 is_stmt 1 view .LVU519
 573:Core/Src/lcd.c **** 	GPIOB->BSRR |= GPIO_PIN_5; 
 2350              		.loc 1 573 13 is_stmt 0 view .LVU520
 2351 000c A36A     		ldr	r3, [r4, #40]
 2352 000e 43F48073 		orr	r3, r3, #256
 2353 0012 A362     		str	r3, [r4, #40]
 574:Core/Src/lcd.c **** 
ARM GAS  C:\Users\86133\AppData\Local\Temp\ccDgQJpj.s 			page 62


 2354              		.loc 1 574 2 is_stmt 1 view .LVU521
 574:Core/Src/lcd.c **** 
 2355              		.loc 1 574 14 is_stmt 0 view .LVU522
 2356 0014 A369     		ldr	r3, [r4, #24]
 2357 0016 43F02003 		orr	r3, r3, #32
 2358 001a A361     		str	r3, [r4, #24]
 576:Core/Src/lcd.c **** 	GPIOB->BRR |= GPIO_PIN_5; 
 2359              		.loc 1 576 2 is_stmt 1 view .LVU523
 576:Core/Src/lcd.c **** 	GPIOB->BRR |= GPIO_PIN_5; 
 2360              		.loc 1 576 13 is_stmt 0 view .LVU524
 2361 001c 154D     		ldr	r5, .L122+4
 2362 001e 6861     		str	r0, [r5, #20]
 577:Core/Src/lcd.c **** 	__nop();
 2363              		.loc 1 577 2 is_stmt 1 view .LVU525
 577:Core/Src/lcd.c **** 	__nop();
 2364              		.loc 1 577 13 is_stmt 0 view .LVU526
 2365 0020 A36A     		ldr	r3, [r4, #40]
 2366 0022 43F02003 		orr	r3, r3, #32
 2367 0026 A362     		str	r3, [r4, #40]
 578:Core/Src/lcd.c **** 	__nop();
 2368              		.loc 1 578 2 is_stmt 1 view .LVU527
 2369              		.syntax unified
 2370              	@ 578 "Core/Src/lcd.c" 1
 2371 0028 00BF     		nop
 2372              	@ 0 "" 2
 579:Core/Src/lcd.c **** 	__nop();
 2373              		.loc 1 579 2 view .LVU528
 2374              	@ 579 "Core/Src/lcd.c" 1
 2375 002a 00BF     		nop
 2376              	@ 0 "" 2
 580:Core/Src/lcd.c **** 	GPIOB->BSRR |= GPIO_PIN_5;
 2377              		.loc 1 580 2 view .LVU529
 2378              	@ 580 "Core/Src/lcd.c" 1
 2379 002c 00BF     		nop
 2380              	@ 0 "" 2
 581:Core/Src/lcd.c **** 	GPIOB->BSRR |= GPIO_PIN_8;
 2381              		.loc 1 581 2 view .LVU530
 581:Core/Src/lcd.c **** 	GPIOB->BSRR |= GPIO_PIN_8;
 2382              		.loc 1 581 14 is_stmt 0 view .LVU531
 2383              		.thumb
 2384              		.syntax unified
 2385 002e A369     		ldr	r3, [r4, #24]
 2386 0030 43F02003 		orr	r3, r3, #32
 2387 0034 A361     		str	r3, [r4, #24]
 582:Core/Src/lcd.c **** 
 2388              		.loc 1 582 2 is_stmt 1 view .LVU532
 582:Core/Src/lcd.c **** 
 2389              		.loc 1 582 14 is_stmt 0 view .LVU533
 2390 0036 A369     		ldr	r3, [r4, #24]
 2391 0038 43F48073 		orr	r3, r3, #256
 2392 003c A361     		str	r3, [r4, #24]
 584:Core/Src/lcd.c **** 	GPIOA->BRR |= GPIO_PIN_8;	
 2393              		.loc 1 584 2 is_stmt 1 view .LVU534
 2394 003e FFF7FEFF 		bl	LCD_BusIn
 2395              	.LVL256:
 585:Core/Src/lcd.c **** 	__nop();
 2396              		.loc 1 585 2 view .LVU535
ARM GAS  C:\Users\86133\AppData\Local\Temp\ccDgQJpj.s 			page 63


 585:Core/Src/lcd.c **** 	__nop();
 2397              		.loc 1 585 13 is_stmt 0 view .LVU536
 2398 0042 4FF09043 		mov	r3, #1207959552
 2399 0046 9A6A     		ldr	r2, [r3, #40]
 2400 0048 42F48072 		orr	r2, r2, #256
 2401 004c 9A62     		str	r2, [r3, #40]
 586:Core/Src/lcd.c **** 	__nop();
 2402              		.loc 1 586 2 is_stmt 1 view .LVU537
 2403              		.syntax unified
 2404              	@ 586 "Core/Src/lcd.c" 1
 2405 004e 00BF     		nop
 2406              	@ 0 "" 2
 587:Core/Src/lcd.c **** 	__nop();
 2407              		.loc 1 587 2 view .LVU538
 2408              	@ 587 "Core/Src/lcd.c" 1
 2409 0050 00BF     		nop
 2410              	@ 0 "" 2
 588:Core/Src/lcd.c **** 	temp = GPIOC->IDR & 0xFF;    
 2411              		.loc 1 588 2 view .LVU539
 2412              	@ 588 "Core/Src/lcd.c" 1
 2413 0052 00BF     		nop
 2414              	@ 0 "" 2
 589:Core/Src/lcd.c **** 	GPIOA->BSRR |= GPIO_PIN_8;
 2415              		.loc 1 589 2 view .LVU540
 589:Core/Src/lcd.c **** 	GPIOA->BSRR |= GPIO_PIN_8;
 2416              		.loc 1 589 14 is_stmt 0 view .LVU541
 2417              		.thumb
 2418              		.syntax unified
 2419 0054 2D69     		ldr	r5, [r5, #16]
 589:Core/Src/lcd.c **** 	GPIOA->BSRR |= GPIO_PIN_8;
 2420              		.loc 1 589 7 view .LVU542
 2421 0056 EDB2     		uxtb	r5, r5
 2422              	.LVL257:
 590:Core/Src/lcd.c **** 
 2423              		.loc 1 590 2 is_stmt 1 view .LVU543
 590:Core/Src/lcd.c **** 
 2424              		.loc 1 590 14 is_stmt 0 view .LVU544
 2425 0058 9A69     		ldr	r2, [r3, #24]
 2426 005a 42F48072 		orr	r2, r2, #256
 2427 005e 9A61     		str	r2, [r3, #24]
 592:Core/Src/lcd.c **** 	GPIOB->BSRR |= GPIO_PIN_9; 
 2428              		.loc 1 592 2 is_stmt 1 view .LVU545
 2429 0060 FFF7FEFF 		bl	LCD_BusOut
 2430              	.LVL258:
 593:Core/Src/lcd.c **** 
 2431              		.loc 1 593 2 view .LVU546
 593:Core/Src/lcd.c **** 
 2432              		.loc 1 593 14 is_stmt 0 view .LVU547
 2433 0064 A369     		ldr	r3, [r4, #24]
 2434 0066 43F40073 		orr	r3, r3, #512
 2435 006a A361     		str	r3, [r4, #24]
 595:Core/Src/lcd.c **** }
 2436              		.loc 1 595 2 is_stmt 1 view .LVU548
 596:Core/Src/lcd.c **** /*******************************************************************************
 2437              		.loc 1 596 1 is_stmt 0 view .LVU549
 2438 006c 2846     		mov	r0, r5
 2439 006e 38BD     		pop	{r3, r4, r5, pc}
ARM GAS  C:\Users\86133\AppData\Local\Temp\ccDgQJpj.s 			page 64


 2440              	.LVL259:
 2441              	.L123:
 596:Core/Src/lcd.c **** /*******************************************************************************
 2442              		.loc 1 596 1 view .LVU550
 2443              		.align	2
 2444              	.L122:
 2445 0070 00040048 		.word	1207960576
 2446 0074 00080048 		.word	1207961600
 2447              		.cfi_endproc
 2448              	.LFE349:
 2450              		.section	.text.LCD_ReadRAM,"ax",%progbits
 2451              		.align	1
 2452              		.global	LCD_ReadRAM
 2453              		.syntax unified
 2454              		.thumb
 2455              		.thumb_func
 2457              	LCD_ReadRAM:
 2458              	.LFB352:
 655:Core/Src/lcd.c **** 	u16 temp;
 2459              		.loc 1 655 1 is_stmt 1 view -0
 2460              		.cfi_startproc
 2461              		@ args = 0, pretend = 0, frame = 0
 2462              		@ frame_needed = 0, uses_anonymous_args = 0
 2463 0000 38B5     		push	{r3, r4, r5, lr}
 2464              	.LCFI33:
 2465              		.cfi_def_cfa_offset 16
 2466              		.cfi_offset 3, -16
 2467              		.cfi_offset 4, -12
 2468              		.cfi_offset 5, -8
 2469              		.cfi_offset 14, -4
 656:Core/Src/lcd.c **** 
 2470              		.loc 1 656 2 view .LVU552
 658:Core/Src/lcd.c **** 	GPIOB->BRR  |=  GPIO_PIN_8; 
 2471              		.loc 1 658 2 view .LVU553
 658:Core/Src/lcd.c **** 	GPIOB->BRR  |=  GPIO_PIN_8; 
 2472              		.loc 1 658 14 is_stmt 0 view .LVU554
 2473 0002 1C4C     		ldr	r4, .L126
 2474 0004 A36A     		ldr	r3, [r4, #40]
 2475 0006 43F40073 		orr	r3, r3, #512
 2476 000a A362     		str	r3, [r4, #40]
 659:Core/Src/lcd.c **** 	GPIOB->BSRR |=  GPIO_PIN_5; 
 2477              		.loc 1 659 2 is_stmt 1 view .LVU555
 659:Core/Src/lcd.c **** 	GPIOB->BSRR |=  GPIO_PIN_5; 
 2478              		.loc 1 659 14 is_stmt 0 view .LVU556
 2479 000c A36A     		ldr	r3, [r4, #40]
 2480 000e 43F48073 		orr	r3, r3, #256
 2481 0012 A362     		str	r3, [r4, #40]
 660:Core/Src/lcd.c **** 
 2482              		.loc 1 660 2 is_stmt 1 view .LVU557
 660:Core/Src/lcd.c **** 
 2483              		.loc 1 660 14 is_stmt 0 view .LVU558
 2484 0014 A369     		ldr	r3, [r4, #24]
 2485 0016 43F02003 		orr	r3, r3, #32
 2486 001a A361     		str	r3, [r4, #24]
 662:Core/Src/lcd.c **** 	GPIOB->BRR  |=  GPIO_PIN_5;  
 2487              		.loc 1 662 2 is_stmt 1 view .LVU559
 662:Core/Src/lcd.c **** 	GPIOB->BRR  |=  GPIO_PIN_5;  
ARM GAS  C:\Users\86133\AppData\Local\Temp\ccDgQJpj.s 			page 65


 2488              		.loc 1 662 13 is_stmt 0 view .LVU560
 2489 001c 164D     		ldr	r5, .L126+4
 2490 001e 2223     		movs	r3, #34
 2491 0020 6B61     		str	r3, [r5, #20]
 663:Core/Src/lcd.c **** 	__nop();
 2492              		.loc 1 663 2 is_stmt 1 view .LVU561
 663:Core/Src/lcd.c **** 	__nop();
 2493              		.loc 1 663 14 is_stmt 0 view .LVU562
 2494 0022 A36A     		ldr	r3, [r4, #40]
 2495 0024 43F02003 		orr	r3, r3, #32
 2496 0028 A362     		str	r3, [r4, #40]
 664:Core/Src/lcd.c **** 	__nop();
 2497              		.loc 1 664 2 is_stmt 1 view .LVU563
 2498              		.syntax unified
 2499              	@ 664 "Core/Src/lcd.c" 1
 2500 002a 00BF     		nop
 2501              	@ 0 "" 2
 665:Core/Src/lcd.c **** 	__nop();  
 2502              		.loc 1 665 2 view .LVU564
 2503              	@ 665 "Core/Src/lcd.c" 1
 2504 002c 00BF     		nop
 2505              	@ 0 "" 2
 666:Core/Src/lcd.c **** 	GPIOB->BSRR |=  GPIO_PIN_5; 
 2506              		.loc 1 666 2 view .LVU565
 2507              	@ 666 "Core/Src/lcd.c" 1
 2508 002e 00BF     		nop
 2509              	@ 0 "" 2
 667:Core/Src/lcd.c **** 	GPIOB->BSRR |=  GPIO_PIN_8; 
 2510              		.loc 1 667 2 view .LVU566
 667:Core/Src/lcd.c **** 	GPIOB->BSRR |=  GPIO_PIN_8; 
 2511              		.loc 1 667 14 is_stmt 0 view .LVU567
 2512              		.thumb
 2513              		.syntax unified
 2514 0030 A369     		ldr	r3, [r4, #24]
 2515 0032 43F02003 		orr	r3, r3, #32
 2516 0036 A361     		str	r3, [r4, #24]
 668:Core/Src/lcd.c **** 
 2517              		.loc 1 668 2 is_stmt 1 view .LVU568
 668:Core/Src/lcd.c **** 
 2518              		.loc 1 668 14 is_stmt 0 view .LVU569
 2519 0038 A369     		ldr	r3, [r4, #24]
 2520 003a 43F48073 		orr	r3, r3, #256
 2521 003e A361     		str	r3, [r4, #24]
 670:Core/Src/lcd.c **** 	GPIOA->BRR |=  GPIO_PIN_8;
 2522              		.loc 1 670 2 is_stmt 1 view .LVU570
 2523 0040 FFF7FEFF 		bl	LCD_BusIn
 2524              	.LVL260:
 671:Core/Src/lcd.c **** 	__nop();
 2525              		.loc 1 671 2 view .LVU571
 671:Core/Src/lcd.c **** 	__nop();
 2526              		.loc 1 671 13 is_stmt 0 view .LVU572
 2527 0044 4FF09043 		mov	r3, #1207959552
 2528 0048 9A6A     		ldr	r2, [r3, #40]
 2529 004a 42F48072 		orr	r2, r2, #256
 2530 004e 9A62     		str	r2, [r3, #40]
 672:Core/Src/lcd.c **** 	__nop();
 2531              		.loc 1 672 2 is_stmt 1 view .LVU573
ARM GAS  C:\Users\86133\AppData\Local\Temp\ccDgQJpj.s 			page 66


 2532              		.syntax unified
 2533              	@ 672 "Core/Src/lcd.c" 1
 2534 0050 00BF     		nop
 2535              	@ 0 "" 2
 673:Core/Src/lcd.c **** 	__nop();  	
 2536              		.loc 1 673 2 view .LVU574
 2537              	@ 673 "Core/Src/lcd.c" 1
 2538 0052 00BF     		nop
 2539              	@ 0 "" 2
 674:Core/Src/lcd.c **** 	temp = GPIOC->IDR & 0xFF;  
 2540              		.loc 1 674 2 view .LVU575
 2541              	@ 674 "Core/Src/lcd.c" 1
 2542 0054 00BF     		nop
 2543              	@ 0 "" 2
 675:Core/Src/lcd.c **** 	GPIOA->BSRR |=  GPIO_PIN_8;	
 2544              		.loc 1 675 2 view .LVU576
 675:Core/Src/lcd.c **** 	GPIOA->BSRR |=  GPIO_PIN_8;	
 2545              		.loc 1 675 14 is_stmt 0 view .LVU577
 2546              		.thumb
 2547              		.syntax unified
 2548 0056 2D69     		ldr	r5, [r5, #16]
 675:Core/Src/lcd.c **** 	GPIOA->BSRR |=  GPIO_PIN_8;	
 2549              		.loc 1 675 7 view .LVU578
 2550 0058 EDB2     		uxtb	r5, r5
 2551              	.LVL261:
 676:Core/Src/lcd.c **** 	
 2552              		.loc 1 676 2 is_stmt 1 view .LVU579
 676:Core/Src/lcd.c **** 	
 2553              		.loc 1 676 14 is_stmt 0 view .LVU580
 2554 005a 9A69     		ldr	r2, [r3, #24]
 2555 005c 42F48072 		orr	r2, r2, #256
 2556 0060 9A61     		str	r2, [r3, #24]
 678:Core/Src/lcd.c **** 	GPIOB->BSRR |=  GPIO_PIN_9; 
 2557              		.loc 1 678 2 is_stmt 1 view .LVU581
 2558 0062 FFF7FEFF 		bl	LCD_BusOut
 2559              	.LVL262:
 679:Core/Src/lcd.c ****                          
 2560              		.loc 1 679 2 view .LVU582
 679:Core/Src/lcd.c ****                          
 2561              		.loc 1 679 14 is_stmt 0 view .LVU583
 2562 0066 A369     		ldr	r3, [r4, #24]
 2563 0068 43F40073 		orr	r3, r3, #512
 2564 006c A361     		str	r3, [r4, #24]
 681:Core/Src/lcd.c **** }
 2565              		.loc 1 681 2 is_stmt 1 view .LVU584
 682:Core/Src/lcd.c **** /*******************************************************************************
 2566              		.loc 1 682 1 is_stmt 0 view .LVU585
 2567 006e 2846     		mov	r0, r5
 2568 0070 38BD     		pop	{r3, r4, r5, pc}
 2569              	.LVL263:
 2570              	.L127:
 682:Core/Src/lcd.c **** /*******************************************************************************
 2571              		.loc 1 682 1 view .LVU586
 2572 0072 00BF     		.align	2
 2573              	.L126:
 2574 0074 00040048 		.word	1207960576
 2575 0078 00080048 		.word	1207961600
ARM GAS  C:\Users\86133\AppData\Local\Temp\ccDgQJpj.s 			page 67


 2576              		.cfi_endproc
 2577              	.LFE352:
 2579              		.section	.text.LCD_CtrlLinesConfig,"ax",%progbits
 2580              		.align	1
 2581              		.global	LCD_CtrlLinesConfig
 2582              		.syntax unified
 2583              		.thumb
 2584              		.thumb_func
 2586              	LCD_CtrlLinesConfig:
 2587              	.LFB356:
 738:Core/Src/lcd.c **** 	GPIO_InitTypeDef GPIO_InitStruct = {0};
 2588              		.loc 1 738 1 is_stmt 1 view -0
 2589              		.cfi_startproc
 2590              		@ args = 0, pretend = 0, frame = 32
 2591              		@ frame_needed = 0, uses_anonymous_args = 0
 2592 0000 70B5     		push	{r4, r5, r6, lr}
 2593              	.LCFI34:
 2594              		.cfi_def_cfa_offset 16
 2595              		.cfi_offset 4, -16
 2596              		.cfi_offset 5, -12
 2597              		.cfi_offset 6, -8
 2598              		.cfi_offset 14, -4
 2599 0002 88B0     		sub	sp, sp, #32
 2600              	.LCFI35:
 2601              		.cfi_def_cfa_offset 48
 739:Core/Src/lcd.c **** 	
 2602              		.loc 1 739 2 view .LVU588
 739:Core/Src/lcd.c **** 	
 2603              		.loc 1 739 19 is_stmt 0 view .LVU589
 2604 0004 0024     		movs	r4, #0
 2605 0006 0394     		str	r4, [sp, #12]
 2606 0008 0494     		str	r4, [sp, #16]
 2607 000a 0594     		str	r4, [sp, #20]
 2608 000c 0694     		str	r4, [sp, #24]
 2609 000e 0794     		str	r4, [sp, #28]
 741:Core/Src/lcd.c ****   __HAL_RCC_GPIOA_CLK_ENABLE();
 2610              		.loc 1 741 3 is_stmt 1 view .LVU590
 2611              	.LBB2:
 741:Core/Src/lcd.c ****   __HAL_RCC_GPIOA_CLK_ENABLE();
 2612              		.loc 1 741 3 view .LVU591
 741:Core/Src/lcd.c ****   __HAL_RCC_GPIOA_CLK_ENABLE();
 2613              		.loc 1 741 3 view .LVU592
 2614 0010 1F4B     		ldr	r3, .L130
 2615 0012 DA6C     		ldr	r2, [r3, #76]
 2616 0014 42F00402 		orr	r2, r2, #4
 2617 0018 DA64     		str	r2, [r3, #76]
 741:Core/Src/lcd.c ****   __HAL_RCC_GPIOA_CLK_ENABLE();
 2618              		.loc 1 741 3 view .LVU593
 2619 001a DA6C     		ldr	r2, [r3, #76]
 2620 001c 02F00402 		and	r2, r2, #4
 2621 0020 0092     		str	r2, [sp]
 741:Core/Src/lcd.c ****   __HAL_RCC_GPIOA_CLK_ENABLE();
 2622              		.loc 1 741 3 view .LVU594
 2623 0022 009A     		ldr	r2, [sp]
 2624              	.LBE2:
 741:Core/Src/lcd.c ****   __HAL_RCC_GPIOA_CLK_ENABLE();
 2625              		.loc 1 741 3 view .LVU595
ARM GAS  C:\Users\86133\AppData\Local\Temp\ccDgQJpj.s 			page 68


 742:Core/Src/lcd.c ****   __HAL_RCC_GPIOB_CLK_ENABLE();
 2626              		.loc 1 742 3 view .LVU596
 2627              	.LBB3:
 742:Core/Src/lcd.c ****   __HAL_RCC_GPIOB_CLK_ENABLE();
 2628              		.loc 1 742 3 view .LVU597
 742:Core/Src/lcd.c ****   __HAL_RCC_GPIOB_CLK_ENABLE();
 2629              		.loc 1 742 3 view .LVU598
 2630 0024 DA6C     		ldr	r2, [r3, #76]
 2631 0026 42F00102 		orr	r2, r2, #1
 2632 002a DA64     		str	r2, [r3, #76]
 742:Core/Src/lcd.c ****   __HAL_RCC_GPIOB_CLK_ENABLE();
 2633              		.loc 1 742 3 view .LVU599
 2634 002c DA6C     		ldr	r2, [r3, #76]
 2635 002e 02F00102 		and	r2, r2, #1
 2636 0032 0192     		str	r2, [sp, #4]
 742:Core/Src/lcd.c ****   __HAL_RCC_GPIOB_CLK_ENABLE();
 2637              		.loc 1 742 3 view .LVU600
 2638 0034 019A     		ldr	r2, [sp, #4]
 2639              	.LBE3:
 742:Core/Src/lcd.c ****   __HAL_RCC_GPIOB_CLK_ENABLE();
 2640              		.loc 1 742 3 view .LVU601
 743:Core/Src/lcd.c **** 	
 2641              		.loc 1 743 3 view .LVU602
 2642              	.LBB4:
 743:Core/Src/lcd.c **** 	
 2643              		.loc 1 743 3 view .LVU603
 743:Core/Src/lcd.c **** 	
 2644              		.loc 1 743 3 view .LVU604
 2645 0036 DA6C     		ldr	r2, [r3, #76]
 2646 0038 42F00202 		orr	r2, r2, #2
 2647 003c DA64     		str	r2, [r3, #76]
 743:Core/Src/lcd.c **** 	
 2648              		.loc 1 743 3 view .LVU605
 2649 003e DB6C     		ldr	r3, [r3, #76]
 2650 0040 03F00203 		and	r3, r3, #2
 2651 0044 0293     		str	r3, [sp, #8]
 743:Core/Src/lcd.c **** 	
 2652              		.loc 1 743 3 view .LVU606
 2653 0046 029B     		ldr	r3, [sp, #8]
 2654              	.LBE4:
 743:Core/Src/lcd.c **** 	
 2655              		.loc 1 743 3 view .LVU607
 745:Core/Src/lcd.c **** 	GPIO_InitStruct.Mode = GPIO_MODE_OUTPUT_PP;
 2656              		.loc 1 745 2 view .LVU608
 745:Core/Src/lcd.c **** 	GPIO_InitStruct.Mode = GPIO_MODE_OUTPUT_PP;
 2657              		.loc 1 745 22 is_stmt 0 view .LVU609
 2658 0048 4FF44873 		mov	r3, #800
 2659 004c 0393     		str	r3, [sp, #12]
 746:Core/Src/lcd.c ****   GPIO_InitStruct.Speed = GPIO_SPEED_FREQ_LOW;
 2660              		.loc 1 746 2 is_stmt 1 view .LVU610
 746:Core/Src/lcd.c ****   GPIO_InitStruct.Speed = GPIO_SPEED_FREQ_LOW;
 2661              		.loc 1 746 23 is_stmt 0 view .LVU611
 2662 004e 0126     		movs	r6, #1
 2663 0050 0496     		str	r6, [sp, #16]
 747:Core/Src/lcd.c ****   GPIO_InitStruct.Pull = GPIO_NOPULL;
 2664              		.loc 1 747 3 is_stmt 1 view .LVU612
 748:Core/Src/lcd.c ****   HAL_GPIO_Init(GPIOB, &GPIO_InitStruct); 
ARM GAS  C:\Users\86133\AppData\Local\Temp\ccDgQJpj.s 			page 69


 2665              		.loc 1 748 3 view .LVU613
 749:Core/Src/lcd.c **** 
 2666              		.loc 1 749 3 view .LVU614
 2667 0052 104D     		ldr	r5, .L130+4
 2668 0054 03A9     		add	r1, sp, #12
 2669 0056 2846     		mov	r0, r5
 2670 0058 FFF7FEFF 		bl	HAL_GPIO_Init
 2671              	.LVL264:
 751:Core/Src/lcd.c **** 	GPIO_InitStruct.Mode = GPIO_MODE_OUTPUT_PP;
 2672              		.loc 1 751 2 view .LVU615
 751:Core/Src/lcd.c **** 	GPIO_InitStruct.Mode = GPIO_MODE_OUTPUT_PP;
 2673              		.loc 1 751 22 is_stmt 0 view .LVU616
 2674 005c 4FF48073 		mov	r3, #256
 2675 0060 0393     		str	r3, [sp, #12]
 752:Core/Src/lcd.c ****   GPIO_InitStruct.Speed = GPIO_SPEED_FREQ_LOW;
 2676              		.loc 1 752 2 is_stmt 1 view .LVU617
 752:Core/Src/lcd.c ****   GPIO_InitStruct.Speed = GPIO_SPEED_FREQ_LOW;
 2677              		.loc 1 752 23 is_stmt 0 view .LVU618
 2678 0062 0496     		str	r6, [sp, #16]
 753:Core/Src/lcd.c ****   GPIO_InitStruct.Pull = GPIO_NOPULL;
 2679              		.loc 1 753 3 is_stmt 1 view .LVU619
 753:Core/Src/lcd.c ****   GPIO_InitStruct.Pull = GPIO_NOPULL;
 2680              		.loc 1 753 25 is_stmt 0 view .LVU620
 2681 0064 0694     		str	r4, [sp, #24]
 754:Core/Src/lcd.c ****   HAL_GPIO_Init(GPIOA, &GPIO_InitStruct); 
 2682              		.loc 1 754 3 is_stmt 1 view .LVU621
 754:Core/Src/lcd.c ****   HAL_GPIO_Init(GPIOA, &GPIO_InitStruct); 
 2683              		.loc 1 754 24 is_stmt 0 view .LVU622
 2684 0066 0594     		str	r4, [sp, #20]
 755:Core/Src/lcd.c **** 
 2685              		.loc 1 755 3 is_stmt 1 view .LVU623
 2686 0068 03A9     		add	r1, sp, #12
 2687 006a 4FF09040 		mov	r0, #1207959552
 2688 006e FFF7FEFF 		bl	HAL_GPIO_Init
 2689              	.LVL265:
 757:Core/Src/lcd.c **** 
 2690              		.loc 1 757 2 view .LVU624
 2691 0072 FFF7FEFF 		bl	LCD_BusOut
 2692              	.LVL266:
 759:Core/Src/lcd.c **** 	GPIOB->BSRR |= 0x0220;
 2693              		.loc 1 759 2 view .LVU625
 759:Core/Src/lcd.c **** 	GPIOB->BSRR |= 0x0220;
 2694              		.loc 1 759 14 is_stmt 0 view .LVU626
 2695 0076 4FF09042 		mov	r2, #1207959552
 2696 007a 9369     		ldr	r3, [r2, #24]
 2697 007c 43F48073 		orr	r3, r3, #256
 2698 0080 9361     		str	r3, [r2, #24]
 760:Core/Src/lcd.c **** }
 2699              		.loc 1 760 2 is_stmt 1 view .LVU627
 760:Core/Src/lcd.c **** }
 2700              		.loc 1 760 14 is_stmt 0 view .LVU628
 2701 0082 AB69     		ldr	r3, [r5, #24]
 2702 0084 43F40873 		orr	r3, r3, #544
 2703 0088 AB61     		str	r3, [r5, #24]
 761:Core/Src/lcd.c **** 
 2704              		.loc 1 761 1 view .LVU629
 2705 008a 08B0     		add	sp, sp, #32
ARM GAS  C:\Users\86133\AppData\Local\Temp\ccDgQJpj.s 			page 70


 2706              	.LCFI36:
 2707              		.cfi_def_cfa_offset 16
 2708              		@ sp needed
 2709 008c 70BD     		pop	{r4, r5, r6, pc}
 2710              	.L131:
 2711 008e 00BF     		.align	2
 2712              	.L130:
 2713 0090 00100240 		.word	1073876992
 2714 0094 00040048 		.word	1207960576
 2715              		.cfi_endproc
 2716              	.LFE356:
 2718              		.section	.text.LCD_Init,"ax",%progbits
 2719              		.align	1
 2720              		.global	LCD_Init
 2721              		.syntax unified
 2722              		.thumb
 2723              		.thumb_func
 2725              	LCD_Init:
 2726              	.LFB332:
 153:Core/Src/lcd.c **** 	LCD_CtrlLinesConfig();
 2727              		.loc 1 153 1 is_stmt 1 view -0
 2728              		.cfi_startproc
 2729              		@ args = 0, pretend = 0, frame = 0
 2730              		@ frame_needed = 0, uses_anonymous_args = 0
 2731 0000 08B5     		push	{r3, lr}
 2732              	.LCFI37:
 2733              		.cfi_def_cfa_offset 8
 2734              		.cfi_offset 3, -8
 2735              		.cfi_offset 14, -4
 154:Core/Src/lcd.c **** 	dummy = LCD_ReadReg(0);	
 2736              		.loc 1 154 2 view .LVU631
 2737 0002 FFF7FEFF 		bl	LCD_CtrlLinesConfig
 2738              	.LVL267:
 155:Core/Src/lcd.c **** 	
 2739              		.loc 1 155 2 view .LVU632
 155:Core/Src/lcd.c **** 	
 2740              		.loc 1 155 10 is_stmt 0 view .LVU633
 2741 0006 0020     		movs	r0, #0
 2742 0008 FFF7FEFF 		bl	LCD_ReadReg
 2743              	.LVL268:
 155:Core/Src/lcd.c **** 	
 2744              		.loc 1 155 8 view .LVU634
 2745 000c 094B     		ldr	r3, .L137
 2746 000e 1880     		strh	r0, [r3]	@ movhi
 157:Core/Src/lcd.c **** 		REG_8230_Init();
 2747              		.loc 1 157 2 is_stmt 1 view .LVU635
 157:Core/Src/lcd.c **** 		REG_8230_Init();
 2748              		.loc 1 157 11 is_stmt 0 view .LVU636
 2749 0010 1B88     		ldrh	r3, [r3]
 2750 0012 9BB2     		uxth	r3, r3
 157:Core/Src/lcd.c **** 		REG_8230_Init();
 2751              		.loc 1 157 4 view .LVU637
 2752 0014 48F23022 		movw	r2, #33328
 2753 0018 9342     		cmp	r3, r2
 2754 001a 07D0     		beq	.L136
 161:Core/Src/lcd.c **** 	}
 2755              		.loc 1 161 3 is_stmt 1 view .LVU638
ARM GAS  C:\Users\86133\AppData\Local\Temp\ccDgQJpj.s 			page 71


 2756 001c FFF7FEFF 		bl	REG_932X_Init
 2757              	.LVL269:
 2758              	.L134:
 163:Core/Src/lcd.c **** 
 2759              		.loc 1 163 2 view .LVU639
 163:Core/Src/lcd.c **** 
 2760              		.loc 1 163 10 is_stmt 0 view .LVU640
 2761 0020 0020     		movs	r0, #0
 2762 0022 FFF7FEFF 		bl	LCD_ReadReg
 2763              	.LVL270:
 163:Core/Src/lcd.c **** 
 2764              		.loc 1 163 8 view .LVU641
 2765 0026 034B     		ldr	r3, .L137
 2766 0028 1880     		strh	r0, [r3]	@ movhi
 165:Core/Src/lcd.c **** /*******************************************************************************
 2767              		.loc 1 165 1 view .LVU642
 2768 002a 08BD     		pop	{r3, pc}
 2769              	.L136:
 158:Core/Src/lcd.c **** 	}
 2770              		.loc 1 158 3 is_stmt 1 view .LVU643
 2771 002c FFF7FEFF 		bl	REG_8230_Init
 2772              	.LVL271:
 2773 0030 F6E7     		b	.L134
 2774              	.L138:
 2775 0032 00BF     		.align	2
 2776              	.L137:
 2777 0034 00000000 		.word	.LANCHOR2
 2778              		.cfi_endproc
 2779              	.LFE332:
 2781              		.section	.text.LCD_DrawPicture,"ax",%progbits
 2782              		.align	1
 2783              		.global	LCD_DrawPicture
 2784              		.syntax unified
 2785              		.thumb
 2786              		.thumb_func
 2788              	LCD_DrawPicture:
 2789              	.LVL272:
 2790              	.LFB359:
 798:Core/Src/lcd.c **** 
 799:Core/Src/lcd.c **** /*******************************************************************************
 800:Core/Src/lcd.c **** * Function Name  : LCD_DrawPicture
 801:Core/Src/lcd.c **** * Description    : Displays a 16 color picture.
 802:Core/Src/lcd.c **** * Input          : - picture: pointer to the picture array.
 803:Core/Src/lcd.c **** * Output         : None
 804:Core/Src/lcd.c **** * Return         : None
 805:Core/Src/lcd.c **** *******************************************************************************/
 806:Core/Src/lcd.c **** void LCD_DrawPicture(const u8* picture)
 807:Core/Src/lcd.c **** {
 2791              		.loc 1 807 1 view -0
 2792              		.cfi_startproc
 2793              		@ args = 0, pretend = 0, frame = 0
 2794              		@ frame_needed = 0, uses_anonymous_args = 0
 2795              		.loc 1 807 1 is_stmt 0 view .LVU645
 2796 0000 38B5     		push	{r3, r4, r5, lr}
 2797              	.LCFI38:
 2798              		.cfi_def_cfa_offset 16
 2799              		.cfi_offset 3, -16
ARM GAS  C:\Users\86133\AppData\Local\Temp\ccDgQJpj.s 			page 72


 2800              		.cfi_offset 4, -12
 2801              		.cfi_offset 5, -8
 2802              		.cfi_offset 14, -4
 2803 0002 0546     		mov	r5, r0
 808:Core/Src/lcd.c **** 	int index;
 2804              		.loc 1 808 2 is_stmt 1 view .LVU646
 809:Core/Src/lcd.c **** 	LCD_SetCursor(0x00, 0x0000); 
 2805              		.loc 1 809 2 view .LVU647
 2806 0004 0021     		movs	r1, #0
 2807 0006 0846     		mov	r0, r1
 2808              	.LVL273:
 2809              		.loc 1 809 2 is_stmt 0 view .LVU648
 2810 0008 FFF7FEFF 		bl	LCD_SetCursor
 2811              	.LVL274:
 810:Core/Src/lcd.c **** 
 811:Core/Src/lcd.c **** 	LCD_WriteRAM_Prepare(); /* Prepare to write GRAM */
 2812              		.loc 1 811 2 is_stmt 1 view .LVU649
 2813 000c FFF7FEFF 		bl	LCD_WriteRAM_Prepare
 2814              	.LVL275:
 812:Core/Src/lcd.c **** 
 813:Core/Src/lcd.c **** 	for(index = 0; index < 76800; index++)
 2815              		.loc 1 813 2 view .LVU650
 2816              		.loc 1 813 12 is_stmt 0 view .LVU651
 2817 0010 0024     		movs	r4, #0
 2818              		.loc 1 813 2 view .LVU652
 2819 0012 09E0     		b	.L140
 2820              	.LVL276:
 2821              	.L141:
 814:Core/Src/lcd.c **** 	{
 815:Core/Src/lcd.c **** 		LCD_WriteRAM(picture[2*index+1]<<8|picture[2*index]);	
 2822              		.loc 1 815 3 is_stmt 1 discriminator 3 view .LVU653
 2823              		.loc 1 815 23 is_stmt 0 discriminator 3 view .LVU654
 2824 0014 05EB4403 		add	r3, r5, r4, lsl #1
 2825 0018 5878     		ldrb	r0, [r3, #1]	@ zero_extendqisi2
 2826              		.loc 1 815 45 discriminator 3 view .LVU655
 2827 001a 15F81430 		ldrb	r3, [r5, r4, lsl #1]	@ zero_extendqisi2
 2828              		.loc 1 815 3 discriminator 3 view .LVU656
 2829 001e 43EA0020 		orr	r0, r3, r0, lsl #8
 2830 0022 FFF7FEFF 		bl	LCD_WriteRAM
 2831              	.LVL277:
 813:Core/Src/lcd.c **** 	{
 2832              		.loc 1 813 32 is_stmt 1 discriminator 3 view .LVU657
 813:Core/Src/lcd.c **** 	{
 2833              		.loc 1 813 37 is_stmt 0 discriminator 3 view .LVU658
 2834 0026 0134     		adds	r4, r4, #1
 2835              	.LVL278:
 2836              	.L140:
 813:Core/Src/lcd.c **** 	{
 2837              		.loc 1 813 17 is_stmt 1 discriminator 1 view .LVU659
 813:Core/Src/lcd.c **** 	{
 2838              		.loc 1 813 2 is_stmt 0 discriminator 1 view .LVU660
 2839 0028 B4F5963F 		cmp	r4, #76800
 2840 002c F2DB     		blt	.L141
 816:Core/Src/lcd.c **** 	}
 817:Core/Src/lcd.c **** }
 2841              		.loc 1 817 1 view .LVU661
 2842 002e 38BD     		pop	{r3, r4, r5, pc}
ARM GAS  C:\Users\86133\AppData\Local\Temp\ccDgQJpj.s 			page 73


 2843              		.loc 1 817 1 view .LVU662
 2844              		.cfi_endproc
 2845              	.LFE359:
 2847              		.section	.text.LCD_ShowString,"ax",%progbits
 2848              		.align	1
 2849              		.global	LCD_ShowString
 2850              		.syntax unified
 2851              		.thumb
 2852              		.thumb_func
 2854              	LCD_ShowString:
 2855              	.LVL279:
 2856              	.LFB360:
 818:Core/Src/lcd.c **** 
 819:Core/Src/lcd.c **** void LCD_ShowString(u8 x, u16 y, const char *str)
 820:Core/Src/lcd.c **** {
 2857              		.loc 1 820 1 is_stmt 1 view -0
 2858              		.cfi_startproc
 2859              		@ args = 0, pretend = 0, frame = 0
 2860              		@ frame_needed = 0, uses_anonymous_args = 0
 2861              		.loc 1 820 1 is_stmt 0 view .LVU664
 2862 0000 08B5     		push	{r3, lr}
 2863              	.LCFI39:
 2864              		.cfi_def_cfa_offset 8
 2865              		.cfi_offset 3, -8
 2866              		.cfi_offset 14, -4
 2867 0002 0846     		mov	r0, r1
 2868              	.LVL280:
 821:Core/Src/lcd.c ****     LCD_DisplayStringLine(y, (u8*)str);
 2869              		.loc 1 821 5 is_stmt 1 view .LVU665
 2870 0004 1146     		mov	r1, r2
 2871              	.LVL281:
 2872              		.loc 1 821 5 is_stmt 0 view .LVU666
 2873 0006 C0B2     		uxtb	r0, r0
 2874 0008 FFF7FEFF 		bl	LCD_DisplayStringLine
 2875              	.LVL282:
 822:Core/Src/lcd.c **** }
 2876              		.loc 1 822 1 view .LVU667
 2877 000c 08BD     		pop	{r3, pc}
 2878              		.cfi_endproc
 2879              	.LFE360:
 2881              		.global	dummy
 2882              		.global	ASCII_Table
 2883              		.section	.bss.TextColor,"aw",%nobits
 2884              		.align	1
 2885              		.set	.LANCHOR0,. + 0
 2888              	TextColor:
 2889 0000 0000     		.space	2
 2890              		.section	.bss.dummy,"aw",%nobits
 2891              		.align	1
 2892              		.set	.LANCHOR2,. + 0
 2895              	dummy:
 2896 0000 0000     		.space	2
 2897              		.section	.data.BackColor,"aw"
 2898              		.align	1
 2899              		.set	.LANCHOR1,. + 0
 2902              	BackColor:
 2903 0000 FFFF     		.short	-1
ARM GAS  C:\Users\86133\AppData\Local\Temp\ccDgQJpj.s 			page 74


 2904              		.section	.rodata.ASCII_Table,"a"
 2905              		.align	2
 2908              	ASCII_Table:
 2909 0000 0000     		.short	0
 2910 0002 0000     		.short	0
 2911 0004 0000     		.short	0
 2912 0006 0000     		.short	0
 2913 0008 0000     		.short	0
 2914 000a 0000     		.short	0
 2915 000c 0000     		.short	0
 2916 000e 0000     		.short	0
 2917 0010 0000     		.short	0
 2918 0012 0000     		.short	0
 2919 0014 0000     		.short	0
 2920 0016 0000     		.short	0
 2921 0018 0000     		.short	0
 2922 001a 0000     		.short	0
 2923 001c 0000     		.short	0
 2924 001e 0000     		.short	0
 2925 0020 0000     		.short	0
 2926 0022 0000     		.short	0
 2927 0024 0000     		.short	0
 2928 0026 0000     		.short	0
 2929 0028 0000     		.short	0
 2930 002a 0000     		.short	0
 2931 002c 0000     		.short	0
 2932 002e 0000     		.short	0
 2933 0030 0000     		.short	0
 2934 0032 8001     		.short	384
 2935 0034 8001     		.short	384
 2936 0036 8001     		.short	384
 2937 0038 8001     		.short	384
 2938 003a 8001     		.short	384
 2939 003c 8001     		.short	384
 2940 003e 8001     		.short	384
 2941 0040 8001     		.short	384
 2942 0042 8001     		.short	384
 2943 0044 8001     		.short	384
 2944 0046 8001     		.short	384
 2945 0048 8001     		.short	384
 2946 004a 8001     		.short	384
 2947 004c 0000     		.short	0
 2948 004e 0000     		.short	0
 2949 0050 8001     		.short	384
 2950 0052 8001     		.short	384
 2951 0054 0000     		.short	0
 2952 0056 0000     		.short	0
 2953 0058 0000     		.short	0
 2954 005a 0000     		.short	0
 2955 005c 0000     		.short	0
 2956 005e 0000     		.short	0
 2957 0060 0000     		.short	0
 2958 0062 0000     		.short	0
 2959 0064 CC00     		.short	204
 2960 0066 CC00     		.short	204
 2961 0068 CC00     		.short	204
 2962 006a CC00     		.short	204
ARM GAS  C:\Users\86133\AppData\Local\Temp\ccDgQJpj.s 			page 75


 2963 006c CC00     		.short	204
 2964 006e CC00     		.short	204
 2965 0070 0000     		.short	0
 2966 0072 0000     		.short	0
 2967 0074 0000     		.short	0
 2968 0076 0000     		.short	0
 2969 0078 0000     		.short	0
 2970 007a 0000     		.short	0
 2971 007c 0000     		.short	0
 2972 007e 0000     		.short	0
 2973 0080 0000     		.short	0
 2974 0082 0000     		.short	0
 2975 0084 0000     		.short	0
 2976 0086 0000     		.short	0
 2977 0088 0000     		.short	0
 2978 008a 0000     		.short	0
 2979 008c 0000     		.short	0
 2980 008e 0000     		.short	0
 2981 0090 0000     		.short	0
 2982 0092 0000     		.short	0
 2983 0094 0000     		.short	0
 2984 0096 0000     		.short	0
 2985 0098 0000     		.short	0
 2986 009a 0000     		.short	0
 2987 009c 600C     		.short	3168
 2988 009e 600C     		.short	3168
 2989 00a0 600C     		.short	3168
 2990 00a2 3006     		.short	1584
 2991 00a4 3006     		.short	1584
 2992 00a6 FE1F     		.short	8190
 2993 00a8 FE1F     		.short	8190
 2994 00aa 3006     		.short	1584
 2995 00ac 3807     		.short	1848
 2996 00ae 1803     		.short	792
 2997 00b0 FE1F     		.short	8190
 2998 00b2 FE1F     		.short	8190
 2999 00b4 1803     		.short	792
 3000 00b6 1803     		.short	792
 3001 00b8 8C01     		.short	396
 3002 00ba 8C01     		.short	396
 3003 00bc 8C01     		.short	396
 3004 00be 0000     		.short	0
 3005 00c0 0000     		.short	0
 3006 00c2 8000     		.short	128
 3007 00c4 E003     		.short	992
 3008 00c6 F80F     		.short	4088
 3009 00c8 9C0E     		.short	3740
 3010 00ca 8C1C     		.short	7308
 3011 00cc 8C18     		.short	6284
 3012 00ce 8C00     		.short	140
 3013 00d0 9800     		.short	152
 3014 00d2 F801     		.short	504
 3015 00d4 E007     		.short	2016
 3016 00d6 800E     		.short	3712
 3017 00d8 801C     		.short	7296
 3018 00da 8C18     		.short	6284
 3019 00dc 8C18     		.short	6284
ARM GAS  C:\Users\86133\AppData\Local\Temp\ccDgQJpj.s 			page 76


 3020 00de 9C18     		.short	6300
 3021 00e0 B80C     		.short	3256
 3022 00e2 F00F     		.short	4080
 3023 00e4 E003     		.short	992
 3024 00e6 8000     		.short	128
 3025 00e8 8000     		.short	128
 3026 00ea 0000     		.short	0
 3027 00ec 0000     		.short	0
 3028 00ee 0000     		.short	0
 3029 00f0 0000     		.short	0
 3030 00f2 0000     		.short	0
 3031 00f4 0000     		.short	0
 3032 00f6 0E18     		.short	6158
 3033 00f8 1B0C     		.short	3099
 3034 00fa 110C     		.short	3089
 3035 00fc 1106     		.short	1553
 3036 00fe 1106     		.short	1553
 3037 0100 1103     		.short	785
 3038 0102 1103     		.short	785
 3039 0104 9B01     		.short	411
 3040 0106 8E01     		.short	398
 3041 0108 C038     		.short	14528
 3042 010a C06C     		.short	27840
 3043 010c 6044     		.short	17504
 3044 010e 6044     		.short	17504
 3045 0110 3044     		.short	17456
 3046 0112 3044     		.short	17456
 3047 0114 1844     		.short	17432
 3048 0116 186C     		.short	27672
 3049 0118 0C38     		.short	14348
 3050 011a 0000     		.short	0
 3051 011c 0000     		.short	0
 3052 011e 0000     		.short	0
 3053 0120 0000     		.short	0
 3054 0122 E001     		.short	480
 3055 0124 F003     		.short	1008
 3056 0126 3807     		.short	1848
 3057 0128 1806     		.short	1560
 3058 012a 1806     		.short	1560
 3059 012c 3003     		.short	816
 3060 012e F001     		.short	496
 3061 0130 F000     		.short	240
 3062 0132 F800     		.short	248
 3063 0134 9C31     		.short	12700
 3064 0136 0E33     		.short	13070
 3065 0138 061E     		.short	7686
 3066 013a 061C     		.short	7174
 3067 013c 061C     		.short	7174
 3068 013e 063F     		.short	16134
 3069 0140 FC73     		.short	29692
 3070 0142 F021     		.short	8688
 3071 0144 0000     		.short	0
 3072 0146 0000     		.short	0
 3073 0148 0000     		.short	0
 3074 014a 0000     		.short	0
 3075 014c 0000     		.short	0
 3076 014e 0000     		.short	0
ARM GAS  C:\Users\86133\AppData\Local\Temp\ccDgQJpj.s 			page 77


 3077 0150 0000     		.short	0
 3078 0152 0000     		.short	0
 3079 0154 0C00     		.short	12
 3080 0156 0C00     		.short	12
 3081 0158 0C00     		.short	12
 3082 015a 0C00     		.short	12
 3083 015c 0C00     		.short	12
 3084 015e 0C00     		.short	12
 3085 0160 0000     		.short	0
 3086 0162 0000     		.short	0
 3087 0164 0000     		.short	0
 3088 0166 0000     		.short	0
 3089 0168 0000     		.short	0
 3090 016a 0000     		.short	0
 3091 016c 0000     		.short	0
 3092 016e 0000     		.short	0
 3093 0170 0000     		.short	0
 3094 0172 0000     		.short	0
 3095 0174 0000     		.short	0
 3096 0176 0000     		.short	0
 3097 0178 0000     		.short	0
 3098 017a 0000     		.short	0
 3099 017c 0000     		.short	0
 3100 017e 0000     		.short	0
 3101 0180 0000     		.short	0
 3102 0182 0002     		.short	512
 3103 0184 0003     		.short	768
 3104 0186 8001     		.short	384
 3105 0188 C000     		.short	192
 3106 018a C000     		.short	192
 3107 018c 6000     		.short	96
 3108 018e 6000     		.short	96
 3109 0190 3000     		.short	48
 3110 0192 3000     		.short	48
 3111 0194 3000     		.short	48
 3112 0196 3000     		.short	48
 3113 0198 3000     		.short	48
 3114 019a 3000     		.short	48
 3115 019c 3000     		.short	48
 3116 019e 3000     		.short	48
 3117 01a0 6000     		.short	96
 3118 01a2 6000     		.short	96
 3119 01a4 C000     		.short	192
 3120 01a6 C000     		.short	192
 3121 01a8 8001     		.short	384
 3122 01aa 0003     		.short	768
 3123 01ac 0002     		.short	512
 3124 01ae 0000     		.short	0
 3125 01b0 0000     		.short	0
 3126 01b2 2000     		.short	32
 3127 01b4 6000     		.short	96
 3128 01b6 C000     		.short	192
 3129 01b8 8001     		.short	384
 3130 01ba 8001     		.short	384
 3131 01bc 0003     		.short	768
 3132 01be 0003     		.short	768
 3133 01c0 0006     		.short	1536
ARM GAS  C:\Users\86133\AppData\Local\Temp\ccDgQJpj.s 			page 78


 3134 01c2 0006     		.short	1536
 3135 01c4 0006     		.short	1536
 3136 01c6 0006     		.short	1536
 3137 01c8 0006     		.short	1536
 3138 01ca 0006     		.short	1536
 3139 01cc 0006     		.short	1536
 3140 01ce 0006     		.short	1536
 3141 01d0 0003     		.short	768
 3142 01d2 0003     		.short	768
 3143 01d4 8001     		.short	384
 3144 01d6 8001     		.short	384
 3145 01d8 C000     		.short	192
 3146 01da 6000     		.short	96
 3147 01dc 2000     		.short	32
 3148 01de 0000     		.short	0
 3149 01e0 0000     		.short	0
 3150 01e2 0000     		.short	0
 3151 01e4 0000     		.short	0
 3152 01e6 0000     		.short	0
 3153 01e8 0000     		.short	0
 3154 01ea 0000     		.short	0
 3155 01ec C000     		.short	192
 3156 01ee C000     		.short	192
 3157 01f0 D806     		.short	1752
 3158 01f2 F807     		.short	2040
 3159 01f4 E001     		.short	480
 3160 01f6 3003     		.short	816
 3161 01f8 3807     		.short	1848
 3162 01fa 0000     		.short	0
 3163 01fc 0000     		.short	0
 3164 01fe 0000     		.short	0
 3165 0200 0000     		.short	0
 3166 0202 0000     		.short	0
 3167 0204 0000     		.short	0
 3168 0206 0000     		.short	0
 3169 0208 0000     		.short	0
 3170 020a 0000     		.short	0
 3171 020c 0000     		.short	0
 3172 020e 0000     		.short	0
 3173 0210 0000     		.short	0
 3174 0212 0000     		.short	0
 3175 0214 0000     		.short	0
 3176 0216 0000     		.short	0
 3177 0218 0000     		.short	0
 3178 021a 0000     		.short	0
 3179 021c 8001     		.short	384
 3180 021e 8001     		.short	384
 3181 0220 8001     		.short	384
 3182 0222 8001     		.short	384
 3183 0224 8001     		.short	384
 3184 0226 FC3F     		.short	16380
 3185 0228 FC3F     		.short	16380
 3186 022a 8001     		.short	384
 3187 022c 8001     		.short	384
 3188 022e 8001     		.short	384
 3189 0230 8001     		.short	384
 3190 0232 8001     		.short	384
ARM GAS  C:\Users\86133\AppData\Local\Temp\ccDgQJpj.s 			page 79


 3191 0234 0000     		.short	0
 3192 0236 0000     		.short	0
 3193 0238 0000     		.short	0
 3194 023a 0000     		.short	0
 3195 023c 0000     		.short	0
 3196 023e 0000     		.short	0
 3197 0240 0000     		.short	0
 3198 0242 0000     		.short	0
 3199 0244 0000     		.short	0
 3200 0246 0000     		.short	0
 3201 0248 0000     		.short	0
 3202 024a 0000     		.short	0
 3203 024c 0000     		.short	0
 3204 024e 0000     		.short	0
 3205 0250 0000     		.short	0
 3206 0252 0000     		.short	0
 3207 0254 0000     		.short	0
 3208 0256 0000     		.short	0
 3209 0258 0000     		.short	0
 3210 025a 0000     		.short	0
 3211 025c 0000     		.short	0
 3212 025e 0000     		.short	0
 3213 0260 0000     		.short	0
 3214 0262 8001     		.short	384
 3215 0264 8001     		.short	384
 3216 0266 0001     		.short	256
 3217 0268 0001     		.short	256
 3218 026a 8000     		.short	128
 3219 026c 0000     		.short	0
 3220 026e 0000     		.short	0
 3221 0270 0000     		.short	0
 3222 0272 0000     		.short	0
 3223 0274 0000     		.short	0
 3224 0276 0000     		.short	0
 3225 0278 0000     		.short	0
 3226 027a 0000     		.short	0
 3227 027c 0000     		.short	0
 3228 027e 0000     		.short	0
 3229 0280 0000     		.short	0
 3230 0282 0000     		.short	0
 3231 0284 0000     		.short	0
 3232 0286 0000     		.short	0
 3233 0288 E007     		.short	2016
 3234 028a E007     		.short	2016
 3235 028c 0000     		.short	0
 3236 028e 0000     		.short	0
 3237 0290 0000     		.short	0
 3238 0292 0000     		.short	0
 3239 0294 0000     		.short	0
 3240 0296 0000     		.short	0
 3241 0298 0000     		.short	0
 3242 029a 0000     		.short	0
 3243 029c 0000     		.short	0
 3244 029e 0000     		.short	0
 3245 02a0 0000     		.short	0
 3246 02a2 0000     		.short	0
 3247 02a4 0000     		.short	0
ARM GAS  C:\Users\86133\AppData\Local\Temp\ccDgQJpj.s 			page 80


 3248 02a6 0000     		.short	0
 3249 02a8 0000     		.short	0
 3250 02aa 0000     		.short	0
 3251 02ac 0000     		.short	0
 3252 02ae 0000     		.short	0
 3253 02b0 0000     		.short	0
 3254 02b2 0000     		.short	0
 3255 02b4 0000     		.short	0
 3256 02b6 0000     		.short	0
 3257 02b8 0000     		.short	0
 3258 02ba 0000     		.short	0
 3259 02bc 0000     		.short	0
 3260 02be 0000     		.short	0
 3261 02c0 0000     		.short	0
 3262 02c2 C000     		.short	192
 3263 02c4 C000     		.short	192
 3264 02c6 0000     		.short	0
 3265 02c8 0000     		.short	0
 3266 02ca 0000     		.short	0
 3267 02cc 0000     		.short	0
 3268 02ce 0000     		.short	0
 3269 02d0 0000     		.short	0
 3270 02d2 000C     		.short	3072
 3271 02d4 000C     		.short	3072
 3272 02d6 0006     		.short	1536
 3273 02d8 0006     		.short	1536
 3274 02da 0006     		.short	1536
 3275 02dc 0003     		.short	768
 3276 02de 0003     		.short	768
 3277 02e0 0003     		.short	768
 3278 02e2 8003     		.short	896
 3279 02e4 8001     		.short	384
 3280 02e6 8001     		.short	384
 3281 02e8 8001     		.short	384
 3282 02ea C000     		.short	192
 3283 02ec C000     		.short	192
 3284 02ee C000     		.short	192
 3285 02f0 6000     		.short	96
 3286 02f2 6000     		.short	96
 3287 02f4 0000     		.short	0
 3288 02f6 0000     		.short	0
 3289 02f8 0000     		.short	0
 3290 02fa 0000     		.short	0
 3291 02fc 0000     		.short	0
 3292 02fe 0000     		.short	0
 3293 0300 0000     		.short	0
 3294 0302 E003     		.short	992
 3295 0304 F007     		.short	2032
 3296 0306 380E     		.short	3640
 3297 0308 180C     		.short	3096
 3298 030a 0C18     		.short	6156
 3299 030c 0C18     		.short	6156
 3300 030e 0C18     		.short	6156
 3301 0310 0C18     		.short	6156
 3302 0312 0C18     		.short	6156
 3303 0314 0C18     		.short	6156
 3304 0316 0C18     		.short	6156
ARM GAS  C:\Users\86133\AppData\Local\Temp\ccDgQJpj.s 			page 81


 3305 0318 0C18     		.short	6156
 3306 031a 0C18     		.short	6156
 3307 031c 180C     		.short	3096
 3308 031e 380E     		.short	3640
 3309 0320 F007     		.short	2032
 3310 0322 E003     		.short	992
 3311 0324 0000     		.short	0
 3312 0326 0000     		.short	0
 3313 0328 0000     		.short	0
 3314 032a 0000     		.short	0
 3315 032c 0000     		.short	0
 3316 032e 0000     		.short	0
 3317 0330 0000     		.short	0
 3318 0332 0001     		.short	256
 3319 0334 8001     		.short	384
 3320 0336 C001     		.short	448
 3321 0338 F001     		.short	496
 3322 033a 9801     		.short	408
 3323 033c 8801     		.short	392
 3324 033e 8001     		.short	384
 3325 0340 8001     		.short	384
 3326 0342 8001     		.short	384
 3327 0344 8001     		.short	384
 3328 0346 8001     		.short	384
 3329 0348 8001     		.short	384
 3330 034a 8001     		.short	384
 3331 034c 8001     		.short	384
 3332 034e 8001     		.short	384
 3333 0350 8001     		.short	384
 3334 0352 8001     		.short	384
 3335 0354 0000     		.short	0
 3336 0356 0000     		.short	0
 3337 0358 0000     		.short	0
 3338 035a 0000     		.short	0
 3339 035c 0000     		.short	0
 3340 035e 0000     		.short	0
 3341 0360 0000     		.short	0
 3342 0362 E003     		.short	992
 3343 0364 F80F     		.short	4088
 3344 0366 180C     		.short	3096
 3345 0368 0C18     		.short	6156
 3346 036a 0C18     		.short	6156
 3347 036c 0018     		.short	6144
 3348 036e 0018     		.short	6144
 3349 0370 000C     		.short	3072
 3350 0372 0006     		.short	1536
 3351 0374 0003     		.short	768
 3352 0376 8001     		.short	384
 3353 0378 C000     		.short	192
 3354 037a 6000     		.short	96
 3355 037c 3000     		.short	48
 3356 037e 1800     		.short	24
 3357 0380 FC1F     		.short	8188
 3358 0382 FC1F     		.short	8188
 3359 0384 0000     		.short	0
 3360 0386 0000     		.short	0
 3361 0388 0000     		.short	0
ARM GAS  C:\Users\86133\AppData\Local\Temp\ccDgQJpj.s 			page 82


 3362 038a 0000     		.short	0
 3363 038c 0000     		.short	0
 3364 038e 0000     		.short	0
 3365 0390 0000     		.short	0
 3366 0392 E001     		.short	480
 3367 0394 F807     		.short	2040
 3368 0396 180E     		.short	3608
 3369 0398 0C0C     		.short	3084
 3370 039a 0C0C     		.short	3084
 3371 039c 000C     		.short	3072
 3372 039e 0006     		.short	1536
 3373 03a0 C003     		.short	960
 3374 03a2 C007     		.short	1984
 3375 03a4 000C     		.short	3072
 3376 03a6 0018     		.short	6144
 3377 03a8 0018     		.short	6144
 3378 03aa 0C18     		.short	6156
 3379 03ac 0C18     		.short	6156
 3380 03ae 180C     		.short	3096
 3381 03b0 F807     		.short	2040
 3382 03b2 E003     		.short	992
 3383 03b4 0000     		.short	0
 3384 03b6 0000     		.short	0
 3385 03b8 0000     		.short	0
 3386 03ba 0000     		.short	0
 3387 03bc 0000     		.short	0
 3388 03be 0000     		.short	0
 3389 03c0 0000     		.short	0
 3390 03c2 000C     		.short	3072
 3391 03c4 000E     		.short	3584
 3392 03c6 000F     		.short	3840
 3393 03c8 000F     		.short	3840
 3394 03ca 800D     		.short	3456
 3395 03cc C00C     		.short	3264
 3396 03ce 600C     		.short	3168
 3397 03d0 600C     		.short	3168
 3398 03d2 300C     		.short	3120
 3399 03d4 180C     		.short	3096
 3400 03d6 0C0C     		.short	3084
 3401 03d8 FC3F     		.short	16380
 3402 03da FC3F     		.short	16380
 3403 03dc 000C     		.short	3072
 3404 03de 000C     		.short	3072
 3405 03e0 000C     		.short	3072
 3406 03e2 000C     		.short	3072
 3407 03e4 0000     		.short	0
 3408 03e6 0000     		.short	0
 3409 03e8 0000     		.short	0
 3410 03ea 0000     		.short	0
 3411 03ec 0000     		.short	0
 3412 03ee 0000     		.short	0
 3413 03f0 0000     		.short	0
 3414 03f2 F80F     		.short	4088
 3415 03f4 F80F     		.short	4088
 3416 03f6 1800     		.short	24
 3417 03f8 1800     		.short	24
 3418 03fa 0C00     		.short	12
ARM GAS  C:\Users\86133\AppData\Local\Temp\ccDgQJpj.s 			page 83


 3419 03fc EC03     		.short	1004
 3420 03fe FC07     		.short	2044
 3421 0400 1C0E     		.short	3612
 3422 0402 001C     		.short	7168
 3423 0404 0018     		.short	6144
 3424 0406 0018     		.short	6144
 3425 0408 0018     		.short	6144
 3426 040a 0C18     		.short	6156
 3427 040c 1C0C     		.short	3100
 3428 040e 180E     		.short	3608
 3429 0410 F807     		.short	2040
 3430 0412 E003     		.short	992
 3431 0414 0000     		.short	0
 3432 0416 0000     		.short	0
 3433 0418 0000     		.short	0
 3434 041a 0000     		.short	0
 3435 041c 0000     		.short	0
 3436 041e 0000     		.short	0
 3437 0420 0000     		.short	0
 3438 0422 C007     		.short	1984
 3439 0424 F00F     		.short	4080
 3440 0426 381C     		.short	7224
 3441 0428 1818     		.short	6168
 3442 042a 1800     		.short	24
 3443 042c 0C00     		.short	12
 3444 042e CC03     		.short	972
 3445 0430 EC0F     		.short	4076
 3446 0432 3C0E     		.short	3644
 3447 0434 1C1C     		.short	7196
 3448 0436 0C18     		.short	6156
 3449 0438 0C18     		.short	6156
 3450 043a 0C18     		.short	6156
 3451 043c 181C     		.short	7192
 3452 043e 380E     		.short	3640
 3453 0440 F007     		.short	2032
 3454 0442 E003     		.short	992
 3455 0444 0000     		.short	0
 3456 0446 0000     		.short	0
 3457 0448 0000     		.short	0
 3458 044a 0000     		.short	0
 3459 044c 0000     		.short	0
 3460 044e 0000     		.short	0
 3461 0450 0000     		.short	0
 3462 0452 FC1F     		.short	8188
 3463 0454 FC1F     		.short	8188
 3464 0456 000C     		.short	3072
 3465 0458 0006     		.short	1536
 3466 045a 0006     		.short	1536
 3467 045c 0003     		.short	768
 3468 045e 8003     		.short	896
 3469 0460 8001     		.short	384
 3470 0462 C001     		.short	448
 3471 0464 C000     		.short	192
 3472 0466 E000     		.short	224
 3473 0468 6000     		.short	96
 3474 046a 6000     		.short	96
 3475 046c 7000     		.short	112
ARM GAS  C:\Users\86133\AppData\Local\Temp\ccDgQJpj.s 			page 84


 3476 046e 3000     		.short	48
 3477 0470 3000     		.short	48
 3478 0472 3000     		.short	48
 3479 0474 0000     		.short	0
 3480 0476 0000     		.short	0
 3481 0478 0000     		.short	0
 3482 047a 0000     		.short	0
 3483 047c 0000     		.short	0
 3484 047e 0000     		.short	0
 3485 0480 0000     		.short	0
 3486 0482 E003     		.short	992
 3487 0484 F007     		.short	2032
 3488 0486 380E     		.short	3640
 3489 0488 180C     		.short	3096
 3490 048a 180C     		.short	3096
 3491 048c 180C     		.short	3096
 3492 048e 3806     		.short	1592
 3493 0490 F007     		.short	2032
 3494 0492 F007     		.short	2032
 3495 0494 180C     		.short	3096
 3496 0496 0C18     		.short	6156
 3497 0498 0C18     		.short	6156
 3498 049a 0C18     		.short	6156
 3499 049c 0C18     		.short	6156
 3500 049e 380C     		.short	3128
 3501 04a0 F80F     		.short	4088
 3502 04a2 E003     		.short	992
 3503 04a4 0000     		.short	0
 3504 04a6 0000     		.short	0
 3505 04a8 0000     		.short	0
 3506 04aa 0000     		.short	0
 3507 04ac 0000     		.short	0
 3508 04ae 0000     		.short	0
 3509 04b0 0000     		.short	0
 3510 04b2 E003     		.short	992
 3511 04b4 F007     		.short	2032
 3512 04b6 380E     		.short	3640
 3513 04b8 1C0C     		.short	3100
 3514 04ba 0C18     		.short	6156
 3515 04bc 0C18     		.short	6156
 3516 04be 0C18     		.short	6156
 3517 04c0 1C1C     		.short	7196
 3518 04c2 381E     		.short	7736
 3519 04c4 F81B     		.short	7160
 3520 04c6 E019     		.short	6624
 3521 04c8 0018     		.short	6144
 3522 04ca 000C     		.short	3072
 3523 04cc 000C     		.short	3072
 3524 04ce 1C0E     		.short	3612
 3525 04d0 F807     		.short	2040
 3526 04d2 F001     		.short	496
 3527 04d4 0000     		.short	0
 3528 04d6 0000     		.short	0
 3529 04d8 0000     		.short	0
 3530 04da 0000     		.short	0
 3531 04dc 0000     		.short	0
 3532 04de 0000     		.short	0
ARM GAS  C:\Users\86133\AppData\Local\Temp\ccDgQJpj.s 			page 85


 3533 04e0 0000     		.short	0
 3534 04e2 0000     		.short	0
 3535 04e4 0000     		.short	0
 3536 04e6 0000     		.short	0
 3537 04e8 0000     		.short	0
 3538 04ea 0000     		.short	0
 3539 04ec 8001     		.short	384
 3540 04ee 8001     		.short	384
 3541 04f0 0000     		.short	0
 3542 04f2 0000     		.short	0
 3543 04f4 0000     		.short	0
 3544 04f6 0000     		.short	0
 3545 04f8 0000     		.short	0
 3546 04fa 0000     		.short	0
 3547 04fc 0000     		.short	0
 3548 04fe 0000     		.short	0
 3549 0500 8001     		.short	384
 3550 0502 8001     		.short	384
 3551 0504 0000     		.short	0
 3552 0506 0000     		.short	0
 3553 0508 0000     		.short	0
 3554 050a 0000     		.short	0
 3555 050c 0000     		.short	0
 3556 050e 0000     		.short	0
 3557 0510 0000     		.short	0
 3558 0512 0000     		.short	0
 3559 0514 0000     		.short	0
 3560 0516 0000     		.short	0
 3561 0518 0000     		.short	0
 3562 051a 0000     		.short	0
 3563 051c 8001     		.short	384
 3564 051e 8001     		.short	384
 3565 0520 0000     		.short	0
 3566 0522 0000     		.short	0
 3567 0524 0000     		.short	0
 3568 0526 0000     		.short	0
 3569 0528 0000     		.short	0
 3570 052a 0000     		.short	0
 3571 052c 0000     		.short	0
 3572 052e 0000     		.short	0
 3573 0530 8001     		.short	384
 3574 0532 8001     		.short	384
 3575 0534 0001     		.short	256
 3576 0536 0001     		.short	256
 3577 0538 8000     		.short	128
 3578 053a 0000     		.short	0
 3579 053c 0000     		.short	0
 3580 053e 0000     		.short	0
 3581 0540 0000     		.short	0
 3582 0542 0000     		.short	0
 3583 0544 0000     		.short	0
 3584 0546 0000     		.short	0
 3585 0548 0000     		.short	0
 3586 054a 0000     		.short	0
 3587 054c 0000     		.short	0
 3588 054e 0000     		.short	0
 3589 0550 0010     		.short	4096
ARM GAS  C:\Users\86133\AppData\Local\Temp\ccDgQJpj.s 			page 86


 3590 0552 001C     		.short	7168
 3591 0554 800F     		.short	3968
 3592 0556 E003     		.short	992
 3593 0558 F800     		.short	248
 3594 055a 1800     		.short	24
 3595 055c F800     		.short	248
 3596 055e E003     		.short	992
 3597 0560 800F     		.short	3968
 3598 0562 001C     		.short	7168
 3599 0564 0010     		.short	4096
 3600 0566 0000     		.short	0
 3601 0568 0000     		.short	0
 3602 056a 0000     		.short	0
 3603 056c 0000     		.short	0
 3604 056e 0000     		.short	0
 3605 0570 0000     		.short	0
 3606 0572 0000     		.short	0
 3607 0574 0000     		.short	0
 3608 0576 0000     		.short	0
 3609 0578 0000     		.short	0
 3610 057a 0000     		.short	0
 3611 057c 0000     		.short	0
 3612 057e 0000     		.short	0
 3613 0580 F81F     		.short	8184
 3614 0582 0000     		.short	0
 3615 0584 0000     		.short	0
 3616 0586 0000     		.short	0
 3617 0588 F81F     		.short	8184
 3618 058a 0000     		.short	0
 3619 058c 0000     		.short	0
 3620 058e 0000     		.short	0
 3621 0590 0000     		.short	0
 3622 0592 0000     		.short	0
 3623 0594 0000     		.short	0
 3624 0596 0000     		.short	0
 3625 0598 0000     		.short	0
 3626 059a 0000     		.short	0
 3627 059c 0000     		.short	0
 3628 059e 0000     		.short	0
 3629 05a0 0000     		.short	0
 3630 05a2 0000     		.short	0
 3631 05a4 0000     		.short	0
 3632 05a6 0000     		.short	0
 3633 05a8 0000     		.short	0
 3634 05aa 0000     		.short	0
 3635 05ac 0000     		.short	0
 3636 05ae 0000     		.short	0
 3637 05b0 0800     		.short	8
 3638 05b2 3800     		.short	56
 3639 05b4 F001     		.short	496
 3640 05b6 C007     		.short	1984
 3641 05b8 001F     		.short	7936
 3642 05ba 0018     		.short	6144
 3643 05bc 001F     		.short	7936
 3644 05be C007     		.short	1984
 3645 05c0 F001     		.short	496
 3646 05c2 3800     		.short	56
ARM GAS  C:\Users\86133\AppData\Local\Temp\ccDgQJpj.s 			page 87


 3647 05c4 0800     		.short	8
 3648 05c6 0000     		.short	0
 3649 05c8 0000     		.short	0
 3650 05ca 0000     		.short	0
 3651 05cc 0000     		.short	0
 3652 05ce 0000     		.short	0
 3653 05d0 0000     		.short	0
 3654 05d2 E003     		.short	992
 3655 05d4 F80F     		.short	4088
 3656 05d6 180C     		.short	3096
 3657 05d8 0C18     		.short	6156
 3658 05da 0C18     		.short	6156
 3659 05dc 0018     		.short	6144
 3660 05de 000C     		.short	3072
 3661 05e0 0006     		.short	1536
 3662 05e2 0003     		.short	768
 3663 05e4 8001     		.short	384
 3664 05e6 C000     		.short	192
 3665 05e8 C000     		.short	192
 3666 05ea C000     		.short	192
 3667 05ec 0000     		.short	0
 3668 05ee 0000     		.short	0
 3669 05f0 C000     		.short	192
 3670 05f2 C000     		.short	192
 3671 05f4 0000     		.short	0
 3672 05f6 0000     		.short	0
 3673 05f8 0000     		.short	0
 3674 05fa 0000     		.short	0
 3675 05fc 0000     		.short	0
 3676 05fe 0000     		.short	0
 3677 0600 0000     		.short	0
 3678 0602 0000     		.short	0
 3679 0604 E007     		.short	2016
 3680 0606 1818     		.short	6168
 3681 0608 0420     		.short	8196
 3682 060a C229     		.short	10690
 3683 060c 224A     		.short	18978
 3684 060e 1144     		.short	17425
 3685 0610 0944     		.short	17417
 3686 0612 0944     		.short	17417
 3687 0614 0944     		.short	17417
 3688 0616 0922     		.short	8713
 3689 0618 1113     		.short	4881
 3690 061a E20C     		.short	3298
 3691 061c 0240     		.short	16386
 3692 061e 0420     		.short	8196
 3693 0620 1818     		.short	6168
 3694 0622 E007     		.short	2016
 3695 0624 0000     		.short	0
 3696 0626 0000     		.short	0
 3697 0628 0000     		.short	0
 3698 062a 0000     		.short	0
 3699 062c 0000     		.short	0
 3700 062e 0000     		.short	0
 3701 0630 0000     		.short	0
 3702 0632 8003     		.short	896
 3703 0634 8003     		.short	896
ARM GAS  C:\Users\86133\AppData\Local\Temp\ccDgQJpj.s 			page 88


 3704 0636 C006     		.short	1728
 3705 0638 C006     		.short	1728
 3706 063a C006     		.short	1728
 3707 063c 600C     		.short	3168
 3708 063e 600C     		.short	3168
 3709 0640 3018     		.short	6192
 3710 0642 3018     		.short	6192
 3711 0644 3018     		.short	6192
 3712 0646 F83F     		.short	16376
 3713 0648 F83F     		.short	16376
 3714 064a 1C70     		.short	28700
 3715 064c 0C60     		.short	24588
 3716 064e 0C60     		.short	24588
 3717 0650 06C0     		.short	-16378
 3718 0652 06C0     		.short	-16378
 3719 0654 0000     		.short	0
 3720 0656 0000     		.short	0
 3721 0658 0000     		.short	0
 3722 065a 0000     		.short	0
 3723 065c 0000     		.short	0
 3724 065e 0000     		.short	0
 3725 0660 0000     		.short	0
 3726 0662 FC03     		.short	1020
 3727 0664 FC0F     		.short	4092
 3728 0666 0C0C     		.short	3084
 3729 0668 0C18     		.short	6156
 3730 066a 0C18     		.short	6156
 3731 066c 0C18     		.short	6156
 3732 066e 0C0C     		.short	3084
 3733 0670 FC07     		.short	2044
 3734 0672 FC0F     		.short	4092
 3735 0674 0C18     		.short	6156
 3736 0676 0C30     		.short	12300
 3737 0678 0C30     		.short	12300
 3738 067a 0C30     		.short	12300
 3739 067c 0C30     		.short	12300
 3740 067e 0C18     		.short	6156
 3741 0680 FC1F     		.short	8188
 3742 0682 FC07     		.short	2044
 3743 0684 0000     		.short	0
 3744 0686 0000     		.short	0
 3745 0688 0000     		.short	0
 3746 068a 0000     		.short	0
 3747 068c 0000     		.short	0
 3748 068e 0000     		.short	0
 3749 0690 0000     		.short	0
 3750 0692 C007     		.short	1984
 3751 0694 F01F     		.short	8176
 3752 0696 3838     		.short	14392
 3753 0698 1C30     		.short	12316
 3754 069a 0C70     		.short	28684
 3755 069c 0660     		.short	24582
 3756 069e 0600     		.short	6
 3757 06a0 0600     		.short	6
 3758 06a2 0600     		.short	6
 3759 06a4 0600     		.short	6
 3760 06a6 0600     		.short	6
ARM GAS  C:\Users\86133\AppData\Local\Temp\ccDgQJpj.s 			page 89


 3761 06a8 0600     		.short	6
 3762 06aa 0660     		.short	24582
 3763 06ac 0C70     		.short	28684
 3764 06ae 1C30     		.short	12316
 3765 06b0 F01F     		.short	8176
 3766 06b2 E007     		.short	2016
 3767 06b4 0000     		.short	0
 3768 06b6 0000     		.short	0
 3769 06b8 0000     		.short	0
 3770 06ba 0000     		.short	0
 3771 06bc 0000     		.short	0
 3772 06be 0000     		.short	0
 3773 06c0 0000     		.short	0
 3774 06c2 FE03     		.short	1022
 3775 06c4 FE0F     		.short	4094
 3776 06c6 060E     		.short	3590
 3777 06c8 0618     		.short	6150
 3778 06ca 0618     		.short	6150
 3779 06cc 0630     		.short	12294
 3780 06ce 0630     		.short	12294
 3781 06d0 0630     		.short	12294
 3782 06d2 0630     		.short	12294
 3783 06d4 0630     		.short	12294
 3784 06d6 0630     		.short	12294
 3785 06d8 0630     		.short	12294
 3786 06da 0618     		.short	6150
 3787 06dc 0618     		.short	6150
 3788 06de 060E     		.short	3590
 3789 06e0 FE0F     		.short	4094
 3790 06e2 FE03     		.short	1022
 3791 06e4 0000     		.short	0
 3792 06e6 0000     		.short	0
 3793 06e8 0000     		.short	0
 3794 06ea 0000     		.short	0
 3795 06ec 0000     		.short	0
 3796 06ee 0000     		.short	0
 3797 06f0 0000     		.short	0
 3798 06f2 FC3F     		.short	16380
 3799 06f4 FC3F     		.short	16380
 3800 06f6 0C00     		.short	12
 3801 06f8 0C00     		.short	12
 3802 06fa 0C00     		.short	12
 3803 06fc 0C00     		.short	12
 3804 06fe 0C00     		.short	12
 3805 0700 FC1F     		.short	8188
 3806 0702 FC1F     		.short	8188
 3807 0704 0C00     		.short	12
 3808 0706 0C00     		.short	12
 3809 0708 0C00     		.short	12
 3810 070a 0C00     		.short	12
 3811 070c 0C00     		.short	12
 3812 070e 0C00     		.short	12
 3813 0710 FC3F     		.short	16380
 3814 0712 FC3F     		.short	16380
 3815 0714 0000     		.short	0
 3816 0716 0000     		.short	0
 3817 0718 0000     		.short	0
ARM GAS  C:\Users\86133\AppData\Local\Temp\ccDgQJpj.s 			page 90


 3818 071a 0000     		.short	0
 3819 071c 0000     		.short	0
 3820 071e 0000     		.short	0
 3821 0720 0000     		.short	0
 3822 0722 F83F     		.short	16376
 3823 0724 F83F     		.short	16376
 3824 0726 1800     		.short	24
 3825 0728 1800     		.short	24
 3826 072a 1800     		.short	24
 3827 072c 1800     		.short	24
 3828 072e 1800     		.short	24
 3829 0730 F81F     		.short	8184
 3830 0732 F81F     		.short	8184
 3831 0734 1800     		.short	24
 3832 0736 1800     		.short	24
 3833 0738 1800     		.short	24
 3834 073a 1800     		.short	24
 3835 073c 1800     		.short	24
 3836 073e 1800     		.short	24
 3837 0740 1800     		.short	24
 3838 0742 1800     		.short	24
 3839 0744 0000     		.short	0
 3840 0746 0000     		.short	0
 3841 0748 0000     		.short	0
 3842 074a 0000     		.short	0
 3843 074c 0000     		.short	0
 3844 074e 0000     		.short	0
 3845 0750 0000     		.short	0
 3846 0752 E00F     		.short	4064
 3847 0754 F83F     		.short	16376
 3848 0756 3C78     		.short	30780
 3849 0758 0E60     		.short	24590
 3850 075a 06E0     		.short	-8186
 3851 075c 07C0     		.short	-16377
 3852 075e 0300     		.short	3
 3853 0760 0300     		.short	3
 3854 0762 03FE     		.short	-509
 3855 0764 03FE     		.short	-509
 3856 0766 03C0     		.short	-16381
 3857 0768 07C0     		.short	-16377
 3858 076a 06C0     		.short	-16378
 3859 076c 0EC0     		.short	-16370
 3860 076e 3CF0     		.short	-4036
 3861 0770 F83F     		.short	16376
 3862 0772 E00F     		.short	4064
 3863 0774 0000     		.short	0
 3864 0776 0000     		.short	0
 3865 0778 0000     		.short	0
 3866 077a 0000     		.short	0
 3867 077c 0000     		.short	0
 3868 077e 0000     		.short	0
 3869 0780 0000     		.short	0
 3870 0782 0C30     		.short	12300
 3871 0784 0C30     		.short	12300
 3872 0786 0C30     		.short	12300
 3873 0788 0C30     		.short	12300
 3874 078a 0C30     		.short	12300
ARM GAS  C:\Users\86133\AppData\Local\Temp\ccDgQJpj.s 			page 91


 3875 078c 0C30     		.short	12300
 3876 078e 0C30     		.short	12300
 3877 0790 FC3F     		.short	16380
 3878 0792 FC3F     		.short	16380
 3879 0794 0C30     		.short	12300
 3880 0796 0C30     		.short	12300
 3881 0798 0C30     		.short	12300
 3882 079a 0C30     		.short	12300
 3883 079c 0C30     		.short	12300
 3884 079e 0C30     		.short	12300
 3885 07a0 0C30     		.short	12300
 3886 07a2 0C30     		.short	12300
 3887 07a4 0000     		.short	0
 3888 07a6 0000     		.short	0
 3889 07a8 0000     		.short	0
 3890 07aa 0000     		.short	0
 3891 07ac 0000     		.short	0
 3892 07ae 0000     		.short	0
 3893 07b0 0000     		.short	0
 3894 07b2 8001     		.short	384
 3895 07b4 8001     		.short	384
 3896 07b6 8001     		.short	384
 3897 07b8 8001     		.short	384
 3898 07ba 8001     		.short	384
 3899 07bc 8001     		.short	384
 3900 07be 8001     		.short	384
 3901 07c0 8001     		.short	384
 3902 07c2 8001     		.short	384
 3903 07c4 8001     		.short	384
 3904 07c6 8001     		.short	384
 3905 07c8 8001     		.short	384
 3906 07ca 8001     		.short	384
 3907 07cc 8001     		.short	384
 3908 07ce 8001     		.short	384
 3909 07d0 8001     		.short	384
 3910 07d2 8001     		.short	384
 3911 07d4 0000     		.short	0
 3912 07d6 0000     		.short	0
 3913 07d8 0000     		.short	0
 3914 07da 0000     		.short	0
 3915 07dc 0000     		.short	0
 3916 07de 0000     		.short	0
 3917 07e0 0000     		.short	0
 3918 07e2 0006     		.short	1536
 3919 07e4 0006     		.short	1536
 3920 07e6 0006     		.short	1536
 3921 07e8 0006     		.short	1536
 3922 07ea 0006     		.short	1536
 3923 07ec 0006     		.short	1536
 3924 07ee 0006     		.short	1536
 3925 07f0 0006     		.short	1536
 3926 07f2 0006     		.short	1536
 3927 07f4 0006     		.short	1536
 3928 07f6 0006     		.short	1536
 3929 07f8 0006     		.short	1536
 3930 07fa 1806     		.short	1560
 3931 07fc 1806     		.short	1560
ARM GAS  C:\Users\86133\AppData\Local\Temp\ccDgQJpj.s 			page 92


 3932 07fe 3807     		.short	1848
 3933 0800 F003     		.short	1008
 3934 0802 E001     		.short	480
 3935 0804 0000     		.short	0
 3936 0806 0000     		.short	0
 3937 0808 0000     		.short	0
 3938 080a 0000     		.short	0
 3939 080c 0000     		.short	0
 3940 080e 0000     		.short	0
 3941 0810 0000     		.short	0
 3942 0812 0630     		.short	12294
 3943 0814 0618     		.short	6150
 3944 0816 060C     		.short	3078
 3945 0818 0606     		.short	1542
 3946 081a 0603     		.short	774
 3947 081c 8601     		.short	390
 3948 081e C600     		.short	198
 3949 0820 6600     		.short	102
 3950 0822 7600     		.short	118
 3951 0824 DE00     		.short	222
 3952 0826 8E01     		.short	398
 3953 0828 0603     		.short	774
 3954 082a 0606     		.short	1542
 3955 082c 060C     		.short	3078
 3956 082e 0618     		.short	6150
 3957 0830 0630     		.short	12294
 3958 0832 0660     		.short	24582
 3959 0834 0000     		.short	0
 3960 0836 0000     		.short	0
 3961 0838 0000     		.short	0
 3962 083a 0000     		.short	0
 3963 083c 0000     		.short	0
 3964 083e 0000     		.short	0
 3965 0840 0000     		.short	0
 3966 0842 1800     		.short	24
 3967 0844 1800     		.short	24
 3968 0846 1800     		.short	24
 3969 0848 1800     		.short	24
 3970 084a 1800     		.short	24
 3971 084c 1800     		.short	24
 3972 084e 1800     		.short	24
 3973 0850 1800     		.short	24
 3974 0852 1800     		.short	24
 3975 0854 1800     		.short	24
 3976 0856 1800     		.short	24
 3977 0858 1800     		.short	24
 3978 085a 1800     		.short	24
 3979 085c 1800     		.short	24
 3980 085e 1800     		.short	24
 3981 0860 F81F     		.short	8184
 3982 0862 F81F     		.short	8184
 3983 0864 0000     		.short	0
 3984 0866 0000     		.short	0
 3985 0868 0000     		.short	0
 3986 086a 0000     		.short	0
 3987 086c 0000     		.short	0
 3988 086e 0000     		.short	0
ARM GAS  C:\Users\86133\AppData\Local\Temp\ccDgQJpj.s 			page 93


 3989 0870 0000     		.short	0
 3990 0872 0EE0     		.short	-8178
 3991 0874 1EF0     		.short	-4066
 3992 0876 1EF0     		.short	-4066
 3993 0878 1EF0     		.short	-4066
 3994 087a 36D8     		.short	-10186
 3995 087c 36D8     		.short	-10186
 3996 087e 36D8     		.short	-10186
 3997 0880 36D8     		.short	-10186
 3998 0882 66CC     		.short	-13210
 3999 0884 66CC     		.short	-13210
 4000 0886 66CC     		.short	-13210
 4001 0888 C6C6     		.short	-14650
 4002 088a C6C6     		.short	-14650
 4003 088c C6C6     		.short	-14650
 4004 088e C6C6     		.short	-14650
 4005 0890 86C3     		.short	-15482
 4006 0892 86C3     		.short	-15482
 4007 0894 0000     		.short	0
 4008 0896 0000     		.short	0
 4009 0898 0000     		.short	0
 4010 089a 0000     		.short	0
 4011 089c 0000     		.short	0
 4012 089e 0000     		.short	0
 4013 08a0 0000     		.short	0
 4014 08a2 0C30     		.short	12300
 4015 08a4 1C30     		.short	12316
 4016 08a6 3C30     		.short	12348
 4017 08a8 3C30     		.short	12348
 4018 08aa 6C30     		.short	12396
 4019 08ac 6C30     		.short	12396
 4020 08ae CC30     		.short	12492
 4021 08b0 CC30     		.short	12492
 4022 08b2 8C31     		.short	12684
 4023 08b4 0C33     		.short	13068
 4024 08b6 0C33     		.short	13068
 4025 08b8 0C36     		.short	13836
 4026 08ba 0C36     		.short	13836
 4027 08bc 0C3C     		.short	15372
 4028 08be 0C3C     		.short	15372
 4029 08c0 0C38     		.short	14348
 4030 08c2 0C30     		.short	12300
 4031 08c4 0000     		.short	0
 4032 08c6 0000     		.short	0
 4033 08c8 0000     		.short	0
 4034 08ca 0000     		.short	0
 4035 08cc 0000     		.short	0
 4036 08ce 0000     		.short	0
 4037 08d0 0000     		.short	0
 4038 08d2 E007     		.short	2016
 4039 08d4 F81F     		.short	8184
 4040 08d6 1C38     		.short	14364
 4041 08d8 0E70     		.short	28686
 4042 08da 0660     		.short	24582
 4043 08dc 03C0     		.short	-16381
 4044 08de 03C0     		.short	-16381
 4045 08e0 03C0     		.short	-16381
ARM GAS  C:\Users\86133\AppData\Local\Temp\ccDgQJpj.s 			page 94


 4046 08e2 03C0     		.short	-16381
 4047 08e4 03C0     		.short	-16381
 4048 08e6 03C0     		.short	-16381
 4049 08e8 03C0     		.short	-16381
 4050 08ea 0660     		.short	24582
 4051 08ec 0E70     		.short	28686
 4052 08ee 1C38     		.short	14364
 4053 08f0 F81F     		.short	8184
 4054 08f2 E007     		.short	2016
 4055 08f4 0000     		.short	0
 4056 08f6 0000     		.short	0
 4057 08f8 0000     		.short	0
 4058 08fa 0000     		.short	0
 4059 08fc 0000     		.short	0
 4060 08fe 0000     		.short	0
 4061 0900 0000     		.short	0
 4062 0902 FC0F     		.short	4092
 4063 0904 FC1F     		.short	8188
 4064 0906 0C38     		.short	14348
 4065 0908 0C30     		.short	12300
 4066 090a 0C30     		.short	12300
 4067 090c 0C30     		.short	12300
 4068 090e 0C30     		.short	12300
 4069 0910 0C18     		.short	6156
 4070 0912 FC1F     		.short	8188
 4071 0914 FC07     		.short	2044
 4072 0916 0C00     		.short	12
 4073 0918 0C00     		.short	12
 4074 091a 0C00     		.short	12
 4075 091c 0C00     		.short	12
 4076 091e 0C00     		.short	12
 4077 0920 0C00     		.short	12
 4078 0922 0C00     		.short	12
 4079 0924 0000     		.short	0
 4080 0926 0000     		.short	0
 4081 0928 0000     		.short	0
 4082 092a 0000     		.short	0
 4083 092c 0000     		.short	0
 4084 092e 0000     		.short	0
 4085 0930 0000     		.short	0
 4086 0932 E007     		.short	2016
 4087 0934 F81F     		.short	8184
 4088 0936 1C38     		.short	14364
 4089 0938 0E70     		.short	28686
 4090 093a 0660     		.short	24582
 4091 093c 03E0     		.short	-8189
 4092 093e 03C0     		.short	-16381
 4093 0940 03C0     		.short	-16381
 4094 0942 03C0     		.short	-16381
 4095 0944 03C0     		.short	-16381
 4096 0946 03C0     		.short	-16381
 4097 0948 07E0     		.short	-8185
 4098 094a 0663     		.short	25350
 4099 094c 0E3F     		.short	16142
 4100 094e 1C3C     		.short	15388
 4101 0950 F83F     		.short	16376
 4102 0952 E0F7     		.short	-2080
ARM GAS  C:\Users\86133\AppData\Local\Temp\ccDgQJpj.s 			page 95


 4103 0954 00C0     		.short	-16384
 4104 0956 0000     		.short	0
 4105 0958 0000     		.short	0
 4106 095a 0000     		.short	0
 4107 095c 0000     		.short	0
 4108 095e 0000     		.short	0
 4109 0960 0000     		.short	0
 4110 0962 FE0F     		.short	4094
 4111 0964 FE1F     		.short	8190
 4112 0966 0638     		.short	14342
 4113 0968 0630     		.short	12294
 4114 096a 0630     		.short	12294
 4115 096c 0630     		.short	12294
 4116 096e 0638     		.short	14342
 4117 0970 FE1F     		.short	8190
 4118 0972 FE07     		.short	2046
 4119 0974 0603     		.short	774
 4120 0976 0606     		.short	1542
 4121 0978 060C     		.short	3078
 4122 097a 0618     		.short	6150
 4123 097c 0618     		.short	6150
 4124 097e 0630     		.short	12294
 4125 0980 0630     		.short	12294
 4126 0982 0660     		.short	24582
 4127 0984 0000     		.short	0
 4128 0986 0000     		.short	0
 4129 0988 0000     		.short	0
 4130 098a 0000     		.short	0
 4131 098c 0000     		.short	0
 4132 098e 0000     		.short	0
 4133 0990 0000     		.short	0
 4134 0992 E003     		.short	992
 4135 0994 F80F     		.short	4088
 4136 0996 1C0C     		.short	3100
 4137 0998 0C18     		.short	6156
 4138 099a 0C18     		.short	6156
 4139 099c 0C00     		.short	12
 4140 099e 1C00     		.short	28
 4141 09a0 F803     		.short	1016
 4142 09a2 E00F     		.short	4064
 4143 09a4 001E     		.short	7680
 4144 09a6 0038     		.short	14336
 4145 09a8 0630     		.short	12294
 4146 09aa 0630     		.short	12294
 4147 09ac 0E30     		.short	12302
 4148 09ae 1C1C     		.short	7196
 4149 09b0 F80F     		.short	4088
 4150 09b2 E007     		.short	2016
 4151 09b4 0000     		.short	0
 4152 09b6 0000     		.short	0
 4153 09b8 0000     		.short	0
 4154 09ba 0000     		.short	0
 4155 09bc 0000     		.short	0
 4156 09be 0000     		.short	0
 4157 09c0 0000     		.short	0
 4158 09c2 FE7F     		.short	32766
 4159 09c4 FE7F     		.short	32766
ARM GAS  C:\Users\86133\AppData\Local\Temp\ccDgQJpj.s 			page 96


 4160 09c6 8001     		.short	384
 4161 09c8 8001     		.short	384
 4162 09ca 8001     		.short	384
 4163 09cc 8001     		.short	384
 4164 09ce 8001     		.short	384
 4165 09d0 8001     		.short	384
 4166 09d2 8001     		.short	384
 4167 09d4 8001     		.short	384
 4168 09d6 8001     		.short	384
 4169 09d8 8001     		.short	384
 4170 09da 8001     		.short	384
 4171 09dc 8001     		.short	384
 4172 09de 8001     		.short	384
 4173 09e0 8001     		.short	384
 4174 09e2 8001     		.short	384
 4175 09e4 0000     		.short	0
 4176 09e6 0000     		.short	0
 4177 09e8 0000     		.short	0
 4178 09ea 0000     		.short	0
 4179 09ec 0000     		.short	0
 4180 09ee 0000     		.short	0
 4181 09f0 0000     		.short	0
 4182 09f2 0C30     		.short	12300
 4183 09f4 0C30     		.short	12300
 4184 09f6 0C30     		.short	12300
 4185 09f8 0C30     		.short	12300
 4186 09fa 0C30     		.short	12300
 4187 09fc 0C30     		.short	12300
 4188 09fe 0C30     		.short	12300
 4189 0a00 0C30     		.short	12300
 4190 0a02 0C30     		.short	12300
 4191 0a04 0C30     		.short	12300
 4192 0a06 0C30     		.short	12300
 4193 0a08 0C30     		.short	12300
 4194 0a0a 0C30     		.short	12300
 4195 0a0c 0C30     		.short	12300
 4196 0a0e 1818     		.short	6168
 4197 0a10 F81F     		.short	8184
 4198 0a12 E007     		.short	2016
 4199 0a14 0000     		.short	0
 4200 0a16 0000     		.short	0
 4201 0a18 0000     		.short	0
 4202 0a1a 0000     		.short	0
 4203 0a1c 0000     		.short	0
 4204 0a1e 0000     		.short	0
 4205 0a20 0000     		.short	0
 4206 0a22 0360     		.short	24579
 4207 0a24 0630     		.short	12294
 4208 0a26 0630     		.short	12294
 4209 0a28 0630     		.short	12294
 4210 0a2a 0C18     		.short	6156
 4211 0a2c 0C18     		.short	6156
 4212 0a2e 0C18     		.short	6156
 4213 0a30 180C     		.short	3096
 4214 0a32 180C     		.short	3096
 4215 0a34 380E     		.short	3640
 4216 0a36 3006     		.short	1584
ARM GAS  C:\Users\86133\AppData\Local\Temp\ccDgQJpj.s 			page 97


 4217 0a38 3006     		.short	1584
 4218 0a3a 7007     		.short	1904
 4219 0a3c 6003     		.short	864
 4220 0a3e 6003     		.short	864
 4221 0a40 C001     		.short	448
 4222 0a42 C001     		.short	448
 4223 0a44 0000     		.short	0
 4224 0a46 0000     		.short	0
 4225 0a48 0000     		.short	0
 4226 0a4a 0000     		.short	0
 4227 0a4c 0000     		.short	0
 4228 0a4e 0000     		.short	0
 4229 0a50 0000     		.short	0
 4230 0a52 0360     		.short	24579
 4231 0a54 C361     		.short	25027
 4232 0a56 C361     		.short	25027
 4233 0a58 C361     		.short	25027
 4234 0a5a 6633     		.short	13158
 4235 0a5c 6633     		.short	13158
 4236 0a5e 6633     		.short	13158
 4237 0a60 6633     		.short	13158
 4238 0a62 6633     		.short	13158
 4239 0a64 6633     		.short	13158
 4240 0a66 6C1B     		.short	7020
 4241 0a68 6C1B     		.short	7020
 4242 0a6a 6C1B     		.short	7020
 4243 0a6c 2C1A     		.short	6700
 4244 0a6e 3C1E     		.short	7740
 4245 0a70 380E     		.short	3640
 4246 0a72 380E     		.short	3640
 4247 0a74 0000     		.short	0
 4248 0a76 0000     		.short	0
 4249 0a78 0000     		.short	0
 4250 0a7a 0000     		.short	0
 4251 0a7c 0000     		.short	0
 4252 0a7e 0000     		.short	0
 4253 0a80 0000     		.short	0
 4254 0a82 0FE0     		.short	-8177
 4255 0a84 0C70     		.short	28684
 4256 0a86 1830     		.short	12312
 4257 0a88 3018     		.short	6192
 4258 0a8a 700C     		.short	3184
 4259 0a8c 600E     		.short	3680
 4260 0a8e C007     		.short	1984
 4261 0a90 8003     		.short	896
 4262 0a92 8003     		.short	896
 4263 0a94 C003     		.short	960
 4264 0a96 E006     		.short	1760
 4265 0a98 700C     		.short	3184
 4266 0a9a 301C     		.short	7216
 4267 0a9c 1818     		.short	6168
 4268 0a9e 0C30     		.short	12300
 4269 0aa0 0E60     		.short	24590
 4270 0aa2 07E0     		.short	-8185
 4271 0aa4 0000     		.short	0
 4272 0aa6 0000     		.short	0
 4273 0aa8 0000     		.short	0
ARM GAS  C:\Users\86133\AppData\Local\Temp\ccDgQJpj.s 			page 98


 4274 0aaa 0000     		.short	0
 4275 0aac 0000     		.short	0
 4276 0aae 0000     		.short	0
 4277 0ab0 0000     		.short	0
 4278 0ab2 03C0     		.short	-16381
 4279 0ab4 0660     		.short	24582
 4280 0ab6 0C30     		.short	12300
 4281 0ab8 1C38     		.short	14364
 4282 0aba 3818     		.short	6200
 4283 0abc 300C     		.short	3120
 4284 0abe 6006     		.short	1632
 4285 0ac0 E007     		.short	2016
 4286 0ac2 C003     		.short	960
 4287 0ac4 8001     		.short	384
 4288 0ac6 8001     		.short	384
 4289 0ac8 8001     		.short	384
 4290 0aca 8001     		.short	384
 4291 0acc 8001     		.short	384
 4292 0ace 8001     		.short	384
 4293 0ad0 8001     		.short	384
 4294 0ad2 8001     		.short	384
 4295 0ad4 0000     		.short	0
 4296 0ad6 0000     		.short	0
 4297 0ad8 0000     		.short	0
 4298 0ada 0000     		.short	0
 4299 0adc 0000     		.short	0
 4300 0ade 0000     		.short	0
 4301 0ae0 0000     		.short	0
 4302 0ae2 FC7F     		.short	32764
 4303 0ae4 FC7F     		.short	32764
 4304 0ae6 0060     		.short	24576
 4305 0ae8 0030     		.short	12288
 4306 0aea 0018     		.short	6144
 4307 0aec 000C     		.short	3072
 4308 0aee 0006     		.short	1536
 4309 0af0 0003     		.short	768
 4310 0af2 8001     		.short	384
 4311 0af4 C000     		.short	192
 4312 0af6 6000     		.short	96
 4313 0af8 3000     		.short	48
 4314 0afa 1800     		.short	24
 4315 0afc 0C00     		.short	12
 4316 0afe 0600     		.short	6
 4317 0b00 FE7F     		.short	32766
 4318 0b02 FE7F     		.short	32766
 4319 0b04 0000     		.short	0
 4320 0b06 0000     		.short	0
 4321 0b08 0000     		.short	0
 4322 0b0a 0000     		.short	0
 4323 0b0c 0000     		.short	0
 4324 0b0e 0000     		.short	0
 4325 0b10 0000     		.short	0
 4326 0b12 E003     		.short	992
 4327 0b14 E003     		.short	992
 4328 0b16 6000     		.short	96
 4329 0b18 6000     		.short	96
 4330 0b1a 6000     		.short	96
ARM GAS  C:\Users\86133\AppData\Local\Temp\ccDgQJpj.s 			page 99


 4331 0b1c 6000     		.short	96
 4332 0b1e 6000     		.short	96
 4333 0b20 6000     		.short	96
 4334 0b22 6000     		.short	96
 4335 0b24 6000     		.short	96
 4336 0b26 6000     		.short	96
 4337 0b28 6000     		.short	96
 4338 0b2a 6000     		.short	96
 4339 0b2c 6000     		.short	96
 4340 0b2e 6000     		.short	96
 4341 0b30 6000     		.short	96
 4342 0b32 6000     		.short	96
 4343 0b34 6000     		.short	96
 4344 0b36 6000     		.short	96
 4345 0b38 6000     		.short	96
 4346 0b3a E003     		.short	992
 4347 0b3c E003     		.short	992
 4348 0b3e 0000     		.short	0
 4349 0b40 0000     		.short	0
 4350 0b42 3000     		.short	48
 4351 0b44 3000     		.short	48
 4352 0b46 6000     		.short	96
 4353 0b48 6000     		.short	96
 4354 0b4a 6000     		.short	96
 4355 0b4c C000     		.short	192
 4356 0b4e C000     		.short	192
 4357 0b50 C000     		.short	192
 4358 0b52 C001     		.short	448
 4359 0b54 8001     		.short	384
 4360 0b56 8001     		.short	384
 4361 0b58 8001     		.short	384
 4362 0b5a 0003     		.short	768
 4363 0b5c 0003     		.short	768
 4364 0b5e 0003     		.short	768
 4365 0b60 0006     		.short	1536
 4366 0b62 0006     		.short	1536
 4367 0b64 0000     		.short	0
 4368 0b66 0000     		.short	0
 4369 0b68 0000     		.short	0
 4370 0b6a 0000     		.short	0
 4371 0b6c 0000     		.short	0
 4372 0b6e 0000     		.short	0
 4373 0b70 0000     		.short	0
 4374 0b72 E003     		.short	992
 4375 0b74 E003     		.short	992
 4376 0b76 0003     		.short	768
 4377 0b78 0003     		.short	768
 4378 0b7a 0003     		.short	768
 4379 0b7c 0003     		.short	768
 4380 0b7e 0003     		.short	768
 4381 0b80 0003     		.short	768
 4382 0b82 0003     		.short	768
 4383 0b84 0003     		.short	768
 4384 0b86 0003     		.short	768
 4385 0b88 0003     		.short	768
 4386 0b8a 0003     		.short	768
 4387 0b8c 0003     		.short	768
ARM GAS  C:\Users\86133\AppData\Local\Temp\ccDgQJpj.s 			page 100


 4388 0b8e 0003     		.short	768
 4389 0b90 0003     		.short	768
 4390 0b92 0003     		.short	768
 4391 0b94 0003     		.short	768
 4392 0b96 0003     		.short	768
 4393 0b98 0003     		.short	768
 4394 0b9a E003     		.short	992
 4395 0b9c E003     		.short	992
 4396 0b9e 0000     		.short	0
 4397 0ba0 0000     		.short	0
 4398 0ba2 0000     		.short	0
 4399 0ba4 C001     		.short	448
 4400 0ba6 C001     		.short	448
 4401 0ba8 6003     		.short	864
 4402 0baa 6003     		.short	864
 4403 0bac 6003     		.short	864
 4404 0bae 3006     		.short	1584
 4405 0bb0 3006     		.short	1584
 4406 0bb2 180C     		.short	3096
 4407 0bb4 180C     		.short	3096
 4408 0bb6 0000     		.short	0
 4409 0bb8 0000     		.short	0
 4410 0bba 0000     		.short	0
 4411 0bbc 0000     		.short	0
 4412 0bbe 0000     		.short	0
 4413 0bc0 0000     		.short	0
 4414 0bc2 0000     		.short	0
 4415 0bc4 0000     		.short	0
 4416 0bc6 0000     		.short	0
 4417 0bc8 0000     		.short	0
 4418 0bca 0000     		.short	0
 4419 0bcc 0000     		.short	0
 4420 0bce 0000     		.short	0
 4421 0bd0 0000     		.short	0
 4422 0bd2 0000     		.short	0
 4423 0bd4 0000     		.short	0
 4424 0bd6 0000     		.short	0
 4425 0bd8 0000     		.short	0
 4426 0bda 0000     		.short	0
 4427 0bdc 0000     		.short	0
 4428 0bde 0000     		.short	0
 4429 0be0 0000     		.short	0
 4430 0be2 0000     		.short	0
 4431 0be4 0000     		.short	0
 4432 0be6 0000     		.short	0
 4433 0be8 0000     		.short	0
 4434 0bea 0000     		.short	0
 4435 0bec 0000     		.short	0
 4436 0bee 0000     		.short	0
 4437 0bf0 0000     		.short	0
 4438 0bf2 FFFF     		.short	-1
 4439 0bf4 FFFF     		.short	-1
 4440 0bf6 0000     		.short	0
 4441 0bf8 0000     		.short	0
 4442 0bfa 0000     		.short	0
 4443 0bfc 0000     		.short	0
 4444 0bfe 0000     		.short	0
ARM GAS  C:\Users\86133\AppData\Local\Temp\ccDgQJpj.s 			page 101


 4445 0c00 0000     		.short	0
 4446 0c02 0C00     		.short	12
 4447 0c04 0C00     		.short	12
 4448 0c06 0C00     		.short	12
 4449 0c08 0C00     		.short	12
 4450 0c0a 0C00     		.short	12
 4451 0c0c 0C00     		.short	12
 4452 0c0e 0000     		.short	0
 4453 0c10 0000     		.short	0
 4454 0c12 0000     		.short	0
 4455 0c14 0000     		.short	0
 4456 0c16 0000     		.short	0
 4457 0c18 0000     		.short	0
 4458 0c1a 0000     		.short	0
 4459 0c1c 0000     		.short	0
 4460 0c1e 0000     		.short	0
 4461 0c20 0000     		.short	0
 4462 0c22 0000     		.short	0
 4463 0c24 0000     		.short	0
 4464 0c26 0000     		.short	0
 4465 0c28 0000     		.short	0
 4466 0c2a 0000     		.short	0
 4467 0c2c 0000     		.short	0
 4468 0c2e 0000     		.short	0
 4469 0c30 0000     		.short	0
 4470 0c32 0000     		.short	0
 4471 0c34 0000     		.short	0
 4472 0c36 0000     		.short	0
 4473 0c38 0000     		.short	0
 4474 0c3a 0000     		.short	0
 4475 0c3c F003     		.short	1008
 4476 0c3e F807     		.short	2040
 4477 0c40 1C0C     		.short	3100
 4478 0c42 0C0C     		.short	3084
 4479 0c44 000F     		.short	3840
 4480 0c46 F00F     		.short	4080
 4481 0c48 F80C     		.short	3320
 4482 0c4a 0C0C     		.short	3084
 4483 0c4c 0C0C     		.short	3084
 4484 0c4e 1C0F     		.short	3868
 4485 0c50 F80F     		.short	4088
 4486 0c52 F018     		.short	6384
 4487 0c54 0000     		.short	0
 4488 0c56 0000     		.short	0
 4489 0c58 0000     		.short	0
 4490 0c5a 0000     		.short	0
 4491 0c5c 0000     		.short	0
 4492 0c5e 0000     		.short	0
 4493 0c60 0000     		.short	0
 4494 0c62 1800     		.short	24
 4495 0c64 1800     		.short	24
 4496 0c66 1800     		.short	24
 4497 0c68 1800     		.short	24
 4498 0c6a 1800     		.short	24
 4499 0c6c D803     		.short	984
 4500 0c6e F80F     		.short	4088
 4501 0c70 380C     		.short	3128
ARM GAS  C:\Users\86133\AppData\Local\Temp\ccDgQJpj.s 			page 102


 4502 0c72 1818     		.short	6168
 4503 0c74 1818     		.short	6168
 4504 0c76 1818     		.short	6168
 4505 0c78 1818     		.short	6168
 4506 0c7a 1818     		.short	6168
 4507 0c7c 1818     		.short	6168
 4508 0c7e 380C     		.short	3128
 4509 0c80 F80F     		.short	4088
 4510 0c82 D803     		.short	984
 4511 0c84 0000     		.short	0
 4512 0c86 0000     		.short	0
 4513 0c88 0000     		.short	0
 4514 0c8a 0000     		.short	0
 4515 0c8c 0000     		.short	0
 4516 0c8e 0000     		.short	0
 4517 0c90 0000     		.short	0
 4518 0c92 0000     		.short	0
 4519 0c94 0000     		.short	0
 4520 0c96 0000     		.short	0
 4521 0c98 0000     		.short	0
 4522 0c9a 0000     		.short	0
 4523 0c9c C003     		.short	960
 4524 0c9e F007     		.short	2032
 4525 0ca0 300E     		.short	3632
 4526 0ca2 180C     		.short	3096
 4527 0ca4 1800     		.short	24
 4528 0ca6 1800     		.short	24
 4529 0ca8 1800     		.short	24
 4530 0caa 1800     		.short	24
 4531 0cac 180C     		.short	3096
 4532 0cae 300E     		.short	3632
 4533 0cb0 F007     		.short	2032
 4534 0cb2 C003     		.short	960
 4535 0cb4 0000     		.short	0
 4536 0cb6 0000     		.short	0
 4537 0cb8 0000     		.short	0
 4538 0cba 0000     		.short	0
 4539 0cbc 0000     		.short	0
 4540 0cbe 0000     		.short	0
 4541 0cc0 0000     		.short	0
 4542 0cc2 0018     		.short	6144
 4543 0cc4 0018     		.short	6144
 4544 0cc6 0018     		.short	6144
 4545 0cc8 0018     		.short	6144
 4546 0cca 0018     		.short	6144
 4547 0ccc C01B     		.short	7104
 4548 0cce F01F     		.short	8176
 4549 0cd0 301C     		.short	7216
 4550 0cd2 1818     		.short	6168
 4551 0cd4 1818     		.short	6168
 4552 0cd6 1818     		.short	6168
 4553 0cd8 1818     		.short	6168
 4554 0cda 1818     		.short	6168
 4555 0cdc 1818     		.short	6168
 4556 0cde 301C     		.short	7216
 4557 0ce0 F01F     		.short	8176
 4558 0ce2 C01B     		.short	7104
ARM GAS  C:\Users\86133\AppData\Local\Temp\ccDgQJpj.s 			page 103


 4559 0ce4 0000     		.short	0
 4560 0ce6 0000     		.short	0
 4561 0ce8 0000     		.short	0
 4562 0cea 0000     		.short	0
 4563 0cec 0000     		.short	0
 4564 0cee 0000     		.short	0
 4565 0cf0 0000     		.short	0
 4566 0cf2 0000     		.short	0
 4567 0cf4 0000     		.short	0
 4568 0cf6 0000     		.short	0
 4569 0cf8 0000     		.short	0
 4570 0cfa 0000     		.short	0
 4571 0cfc C003     		.short	960
 4572 0cfe F00F     		.short	4080
 4573 0d00 300C     		.short	3120
 4574 0d02 1818     		.short	6168
 4575 0d04 F81F     		.short	8184
 4576 0d06 F81F     		.short	8184
 4577 0d08 1800     		.short	24
 4578 0d0a 1800     		.short	24
 4579 0d0c 3818     		.short	6200
 4580 0d0e 301C     		.short	7216
 4581 0d10 F00F     		.short	4080
 4582 0d12 C007     		.short	1984
 4583 0d14 0000     		.short	0
 4584 0d16 0000     		.short	0
 4585 0d18 0000     		.short	0
 4586 0d1a 0000     		.short	0
 4587 0d1c 0000     		.short	0
 4588 0d1e 0000     		.short	0
 4589 0d20 0000     		.short	0
 4590 0d22 800F     		.short	3968
 4591 0d24 C00F     		.short	4032
 4592 0d26 C000     		.short	192
 4593 0d28 C000     		.short	192
 4594 0d2a C000     		.short	192
 4595 0d2c F007     		.short	2032
 4596 0d2e F007     		.short	2032
 4597 0d30 C000     		.short	192
 4598 0d32 C000     		.short	192
 4599 0d34 C000     		.short	192
 4600 0d36 C000     		.short	192
 4601 0d38 C000     		.short	192
 4602 0d3a C000     		.short	192
 4603 0d3c C000     		.short	192
 4604 0d3e C000     		.short	192
 4605 0d40 C000     		.short	192
 4606 0d42 C000     		.short	192
 4607 0d44 0000     		.short	0
 4608 0d46 0000     		.short	0
 4609 0d48 0000     		.short	0
 4610 0d4a 0000     		.short	0
 4611 0d4c 0000     		.short	0
 4612 0d4e 0000     		.short	0
 4613 0d50 0000     		.short	0
 4614 0d52 0000     		.short	0
 4615 0d54 0000     		.short	0
ARM GAS  C:\Users\86133\AppData\Local\Temp\ccDgQJpj.s 			page 104


 4616 0d56 0000     		.short	0
 4617 0d58 0000     		.short	0
 4618 0d5a 0000     		.short	0
 4619 0d5c E00D     		.short	3552
 4620 0d5e F80F     		.short	4088
 4621 0d60 180E     		.short	3608
 4622 0d62 0C0C     		.short	3084
 4623 0d64 0C0C     		.short	3084
 4624 0d66 0C0C     		.short	3084
 4625 0d68 0C0C     		.short	3084
 4626 0d6a 0C0C     		.short	3084
 4627 0d6c 0C0C     		.short	3084
 4628 0d6e 180E     		.short	3608
 4629 0d70 F80F     		.short	4088
 4630 0d72 E00D     		.short	3552
 4631 0d74 000C     		.short	3072
 4632 0d76 0C0C     		.short	3084
 4633 0d78 1C06     		.short	1564
 4634 0d7a F807     		.short	2040
 4635 0d7c F001     		.short	496
 4636 0d7e 0000     		.short	0
 4637 0d80 0000     		.short	0
 4638 0d82 1800     		.short	24
 4639 0d84 1800     		.short	24
 4640 0d86 1800     		.short	24
 4641 0d88 1800     		.short	24
 4642 0d8a 1800     		.short	24
 4643 0d8c D807     		.short	2008
 4644 0d8e F80F     		.short	4088
 4645 0d90 381C     		.short	7224
 4646 0d92 1818     		.short	6168
 4647 0d94 1818     		.short	6168
 4648 0d96 1818     		.short	6168
 4649 0d98 1818     		.short	6168
 4650 0d9a 1818     		.short	6168
 4651 0d9c 1818     		.short	6168
 4652 0d9e 1818     		.short	6168
 4653 0da0 1818     		.short	6168
 4654 0da2 1818     		.short	6168
 4655 0da4 0000     		.short	0
 4656 0da6 0000     		.short	0
 4657 0da8 0000     		.short	0
 4658 0daa 0000     		.short	0
 4659 0dac 0000     		.short	0
 4660 0dae 0000     		.short	0
 4661 0db0 0000     		.short	0
 4662 0db2 C000     		.short	192
 4663 0db4 C000     		.short	192
 4664 0db6 0000     		.short	0
 4665 0db8 0000     		.short	0
 4666 0dba 0000     		.short	0
 4667 0dbc C000     		.short	192
 4668 0dbe C000     		.short	192
 4669 0dc0 C000     		.short	192
 4670 0dc2 C000     		.short	192
 4671 0dc4 C000     		.short	192
 4672 0dc6 C000     		.short	192
ARM GAS  C:\Users\86133\AppData\Local\Temp\ccDgQJpj.s 			page 105


 4673 0dc8 C000     		.short	192
 4674 0dca C000     		.short	192
 4675 0dcc C000     		.short	192
 4676 0dce C000     		.short	192
 4677 0dd0 C000     		.short	192
 4678 0dd2 C000     		.short	192
 4679 0dd4 0000     		.short	0
 4680 0dd6 0000     		.short	0
 4681 0dd8 0000     		.short	0
 4682 0dda 0000     		.short	0
 4683 0ddc 0000     		.short	0
 4684 0dde 0000     		.short	0
 4685 0de0 0000     		.short	0
 4686 0de2 C000     		.short	192
 4687 0de4 C000     		.short	192
 4688 0de6 0000     		.short	0
 4689 0de8 0000     		.short	0
 4690 0dea 0000     		.short	0
 4691 0dec C000     		.short	192
 4692 0dee C000     		.short	192
 4693 0df0 C000     		.short	192
 4694 0df2 C000     		.short	192
 4695 0df4 C000     		.short	192
 4696 0df6 C000     		.short	192
 4697 0df8 C000     		.short	192
 4698 0dfa C000     		.short	192
 4699 0dfc C000     		.short	192
 4700 0dfe C000     		.short	192
 4701 0e00 C000     		.short	192
 4702 0e02 C000     		.short	192
 4703 0e04 C000     		.short	192
 4704 0e06 C000     		.short	192
 4705 0e08 C000     		.short	192
 4706 0e0a F800     		.short	248
 4707 0e0c 7800     		.short	120
 4708 0e0e 0000     		.short	0
 4709 0e10 0000     		.short	0
 4710 0e12 0C00     		.short	12
 4711 0e14 0C00     		.short	12
 4712 0e16 0C00     		.short	12
 4713 0e18 0C00     		.short	12
 4714 0e1a 0C00     		.short	12
 4715 0e1c 0C0C     		.short	3084
 4716 0e1e 0C06     		.short	1548
 4717 0e20 0C03     		.short	780
 4718 0e22 8C01     		.short	396
 4719 0e24 CC00     		.short	204
 4720 0e26 6C00     		.short	108
 4721 0e28 FC00     		.short	252
 4722 0e2a 9C01     		.short	412
 4723 0e2c 8C03     		.short	908
 4724 0e2e 0C03     		.short	780
 4725 0e30 0C06     		.short	1548
 4726 0e32 0C0C     		.short	3084
 4727 0e34 0000     		.short	0
 4728 0e36 0000     		.short	0
 4729 0e38 0000     		.short	0
ARM GAS  C:\Users\86133\AppData\Local\Temp\ccDgQJpj.s 			page 106


 4730 0e3a 0000     		.short	0
 4731 0e3c 0000     		.short	0
 4732 0e3e 0000     		.short	0
 4733 0e40 0000     		.short	0
 4734 0e42 C000     		.short	192
 4735 0e44 C000     		.short	192
 4736 0e46 C000     		.short	192
 4737 0e48 C000     		.short	192
 4738 0e4a C000     		.short	192
 4739 0e4c C000     		.short	192
 4740 0e4e C000     		.short	192
 4741 0e50 C000     		.short	192
 4742 0e52 C000     		.short	192
 4743 0e54 C000     		.short	192
 4744 0e56 C000     		.short	192
 4745 0e58 C000     		.short	192
 4746 0e5a C000     		.short	192
 4747 0e5c C000     		.short	192
 4748 0e5e C000     		.short	192
 4749 0e60 C000     		.short	192
 4750 0e62 C000     		.short	192
 4751 0e64 0000     		.short	0
 4752 0e66 0000     		.short	0
 4753 0e68 0000     		.short	0
 4754 0e6a 0000     		.short	0
 4755 0e6c 0000     		.short	0
 4756 0e6e 0000     		.short	0
 4757 0e70 0000     		.short	0
 4758 0e72 0000     		.short	0
 4759 0e74 0000     		.short	0
 4760 0e76 0000     		.short	0
 4761 0e78 0000     		.short	0
 4762 0e7a 0000     		.short	0
 4763 0e7c 7C3C     		.short	15484
 4764 0e7e FF7E     		.short	32511
 4765 0e80 C7E3     		.short	-7225
 4766 0e82 83C1     		.short	-15997
 4767 0e84 83C1     		.short	-15997
 4768 0e86 83C1     		.short	-15997
 4769 0e88 83C1     		.short	-15997
 4770 0e8a 83C1     		.short	-15997
 4771 0e8c 83C1     		.short	-15997
 4772 0e8e 83C1     		.short	-15997
 4773 0e90 83C1     		.short	-15997
 4774 0e92 83C1     		.short	-15997
 4775 0e94 0000     		.short	0
 4776 0e96 0000     		.short	0
 4777 0e98 0000     		.short	0
 4778 0e9a 0000     		.short	0
 4779 0e9c 0000     		.short	0
 4780 0e9e 0000     		.short	0
 4781 0ea0 0000     		.short	0
 4782 0ea2 0000     		.short	0
 4783 0ea4 0000     		.short	0
 4784 0ea6 0000     		.short	0
 4785 0ea8 0000     		.short	0
 4786 0eaa 0000     		.short	0
ARM GAS  C:\Users\86133\AppData\Local\Temp\ccDgQJpj.s 			page 107


 4787 0eac 9807     		.short	1944
 4788 0eae F80F     		.short	4088
 4789 0eb0 381C     		.short	7224
 4790 0eb2 1818     		.short	6168
 4791 0eb4 1818     		.short	6168
 4792 0eb6 1818     		.short	6168
 4793 0eb8 1818     		.short	6168
 4794 0eba 1818     		.short	6168
 4795 0ebc 1818     		.short	6168
 4796 0ebe 1818     		.short	6168
 4797 0ec0 1818     		.short	6168
 4798 0ec2 1818     		.short	6168
 4799 0ec4 0000     		.short	0
 4800 0ec6 0000     		.short	0
 4801 0ec8 0000     		.short	0
 4802 0eca 0000     		.short	0
 4803 0ecc 0000     		.short	0
 4804 0ece 0000     		.short	0
 4805 0ed0 0000     		.short	0
 4806 0ed2 0000     		.short	0
 4807 0ed4 0000     		.short	0
 4808 0ed6 0000     		.short	0
 4809 0ed8 0000     		.short	0
 4810 0eda 0000     		.short	0
 4811 0edc C003     		.short	960
 4812 0ede F00F     		.short	4080
 4813 0ee0 300C     		.short	3120
 4814 0ee2 1818     		.short	6168
 4815 0ee4 1818     		.short	6168
 4816 0ee6 1818     		.short	6168
 4817 0ee8 1818     		.short	6168
 4818 0eea 1818     		.short	6168
 4819 0eec 1818     		.short	6168
 4820 0eee 300C     		.short	3120
 4821 0ef0 F00F     		.short	4080
 4822 0ef2 C003     		.short	960
 4823 0ef4 0000     		.short	0
 4824 0ef6 0000     		.short	0
 4825 0ef8 0000     		.short	0
 4826 0efa 0000     		.short	0
 4827 0efc 0000     		.short	0
 4828 0efe 0000     		.short	0
 4829 0f00 0000     		.short	0
 4830 0f02 0000     		.short	0
 4831 0f04 0000     		.short	0
 4832 0f06 0000     		.short	0
 4833 0f08 0000     		.short	0
 4834 0f0a 0000     		.short	0
 4835 0f0c D803     		.short	984
 4836 0f0e F80F     		.short	4088
 4837 0f10 380C     		.short	3128
 4838 0f12 1818     		.short	6168
 4839 0f14 1818     		.short	6168
 4840 0f16 1818     		.short	6168
 4841 0f18 1818     		.short	6168
 4842 0f1a 1818     		.short	6168
 4843 0f1c 1818     		.short	6168
ARM GAS  C:\Users\86133\AppData\Local\Temp\ccDgQJpj.s 			page 108


 4844 0f1e 380C     		.short	3128
 4845 0f20 F80F     		.short	4088
 4846 0f22 D803     		.short	984
 4847 0f24 1800     		.short	24
 4848 0f26 1800     		.short	24
 4849 0f28 1800     		.short	24
 4850 0f2a 1800     		.short	24
 4851 0f2c 1800     		.short	24
 4852 0f2e 0000     		.short	0
 4853 0f30 0000     		.short	0
 4854 0f32 0000     		.short	0
 4855 0f34 0000     		.short	0
 4856 0f36 0000     		.short	0
 4857 0f38 0000     		.short	0
 4858 0f3a 0000     		.short	0
 4859 0f3c C01B     		.short	7104
 4860 0f3e F01F     		.short	8176
 4861 0f40 301C     		.short	7216
 4862 0f42 1818     		.short	6168
 4863 0f44 1818     		.short	6168
 4864 0f46 1818     		.short	6168
 4865 0f48 1818     		.short	6168
 4866 0f4a 1818     		.short	6168
 4867 0f4c 1818     		.short	6168
 4868 0f4e 301C     		.short	7216
 4869 0f50 F01F     		.short	8176
 4870 0f52 C01B     		.short	7104
 4871 0f54 0018     		.short	6144
 4872 0f56 0018     		.short	6144
 4873 0f58 0018     		.short	6144
 4874 0f5a 0018     		.short	6144
 4875 0f5c 0018     		.short	6144
 4876 0f5e 0000     		.short	0
 4877 0f60 0000     		.short	0
 4878 0f62 0000     		.short	0
 4879 0f64 0000     		.short	0
 4880 0f66 0000     		.short	0
 4881 0f68 0000     		.short	0
 4882 0f6a 0000     		.short	0
 4883 0f6c B007     		.short	1968
 4884 0f6e F003     		.short	1008
 4885 0f70 7000     		.short	112
 4886 0f72 3000     		.short	48
 4887 0f74 3000     		.short	48
 4888 0f76 3000     		.short	48
 4889 0f78 3000     		.short	48
 4890 0f7a 3000     		.short	48
 4891 0f7c 3000     		.short	48
 4892 0f7e 3000     		.short	48
 4893 0f80 3000     		.short	48
 4894 0f82 3000     		.short	48
 4895 0f84 0000     		.short	0
 4896 0f86 0000     		.short	0
 4897 0f88 0000     		.short	0
 4898 0f8a 0000     		.short	0
 4899 0f8c 0000     		.short	0
 4900 0f8e 0000     		.short	0
ARM GAS  C:\Users\86133\AppData\Local\Temp\ccDgQJpj.s 			page 109


 4901 0f90 0000     		.short	0
 4902 0f92 0000     		.short	0
 4903 0f94 0000     		.short	0
 4904 0f96 0000     		.short	0
 4905 0f98 0000     		.short	0
 4906 0f9a 0000     		.short	0
 4907 0f9c E003     		.short	992
 4908 0f9e F003     		.short	1008
 4909 0fa0 380E     		.short	3640
 4910 0fa2 180C     		.short	3096
 4911 0fa4 3800     		.short	56
 4912 0fa6 F003     		.short	1008
 4913 0fa8 C007     		.short	1984
 4914 0faa 000C     		.short	3072
 4915 0fac 180C     		.short	3096
 4916 0fae 380E     		.short	3640
 4917 0fb0 F007     		.short	2032
 4918 0fb2 E003     		.short	992
 4919 0fb4 0000     		.short	0
 4920 0fb6 0000     		.short	0
 4921 0fb8 0000     		.short	0
 4922 0fba 0000     		.short	0
 4923 0fbc 0000     		.short	0
 4924 0fbe 0000     		.short	0
 4925 0fc0 0000     		.short	0
 4926 0fc2 0000     		.short	0
 4927 0fc4 8000     		.short	128
 4928 0fc6 C000     		.short	192
 4929 0fc8 C000     		.short	192
 4930 0fca C000     		.short	192
 4931 0fcc F007     		.short	2032
 4932 0fce F007     		.short	2032
 4933 0fd0 C000     		.short	192
 4934 0fd2 C000     		.short	192
 4935 0fd4 C000     		.short	192
 4936 0fd6 C000     		.short	192
 4937 0fd8 C000     		.short	192
 4938 0fda C000     		.short	192
 4939 0fdc C000     		.short	192
 4940 0fde C000     		.short	192
 4941 0fe0 C007     		.short	1984
 4942 0fe2 8007     		.short	1920
 4943 0fe4 0000     		.short	0
 4944 0fe6 0000     		.short	0
 4945 0fe8 0000     		.short	0
 4946 0fea 0000     		.short	0
 4947 0fec 0000     		.short	0
 4948 0fee 0000     		.short	0
 4949 0ff0 0000     		.short	0
 4950 0ff2 0000     		.short	0
 4951 0ff4 0000     		.short	0
 4952 0ff6 0000     		.short	0
 4953 0ff8 0000     		.short	0
 4954 0ffa 0000     		.short	0
 4955 0ffc 1818     		.short	6168
 4956 0ffe 1818     		.short	6168
 4957 1000 1818     		.short	6168
ARM GAS  C:\Users\86133\AppData\Local\Temp\ccDgQJpj.s 			page 110


 4958 1002 1818     		.short	6168
 4959 1004 1818     		.short	6168
 4960 1006 1818     		.short	6168
 4961 1008 1818     		.short	6168
 4962 100a 1818     		.short	6168
 4963 100c 1818     		.short	6168
 4964 100e 381C     		.short	7224
 4965 1010 F01F     		.short	8176
 4966 1012 E019     		.short	6624
 4967 1014 0000     		.short	0
 4968 1016 0000     		.short	0
 4969 1018 0000     		.short	0
 4970 101a 0000     		.short	0
 4971 101c 0000     		.short	0
 4972 101e 0000     		.short	0
 4973 1020 0000     		.short	0
 4974 1022 0000     		.short	0
 4975 1024 0000     		.short	0
 4976 1026 0000     		.short	0
 4977 1028 0000     		.short	0
 4978 102a 0000     		.short	0
 4979 102c 0C18     		.short	6156
 4980 102e 180C     		.short	3096
 4981 1030 180C     		.short	3096
 4982 1032 180C     		.short	3096
 4983 1034 3006     		.short	1584
 4984 1036 3006     		.short	1584
 4985 1038 3006     		.short	1584
 4986 103a 6003     		.short	864
 4987 103c 6003     		.short	864
 4988 103e 6003     		.short	864
 4989 1040 C001     		.short	448
 4990 1042 C001     		.short	448
 4991 1044 0000     		.short	0
 4992 1046 0000     		.short	0
 4993 1048 0000     		.short	0
 4994 104a 0000     		.short	0
 4995 104c 0000     		.short	0
 4996 104e 0000     		.short	0
 4997 1050 0000     		.short	0
 4998 1052 0000     		.short	0
 4999 1054 0000     		.short	0
 5000 1056 0000     		.short	0
 5001 1058 0000     		.short	0
 5002 105a 0000     		.short	0
 5003 105c C141     		.short	16833
 5004 105e C141     		.short	16833
 5005 1060 C361     		.short	25027
 5006 1062 6363     		.short	25443
 5007 1064 6363     		.short	25443
 5008 1066 6363     		.short	25443
 5009 1068 3636     		.short	13878
 5010 106a 3636     		.short	13878
 5011 106c 3636     		.short	13878
 5012 106e 1C1C     		.short	7196
 5013 1070 1C1C     		.short	7196
 5014 1072 1C1C     		.short	7196
ARM GAS  C:\Users\86133\AppData\Local\Temp\ccDgQJpj.s 			page 111


 5015 1074 0000     		.short	0
 5016 1076 0000     		.short	0
 5017 1078 0000     		.short	0
 5018 107a 0000     		.short	0
 5019 107c 0000     		.short	0
 5020 107e 0000     		.short	0
 5021 1080 0000     		.short	0
 5022 1082 0000     		.short	0
 5023 1084 0000     		.short	0
 5024 1086 0000     		.short	0
 5025 1088 0000     		.short	0
 5026 108a 0000     		.short	0
 5027 108c 1C38     		.short	14364
 5028 108e 381C     		.short	7224
 5029 1090 300C     		.short	3120
 5030 1092 6006     		.short	1632
 5031 1094 6003     		.short	864
 5032 1096 6003     		.short	864
 5033 1098 6003     		.short	864
 5034 109a 6003     		.short	864
 5035 109c 6006     		.short	1632
 5036 109e 300C     		.short	3120
 5037 10a0 381C     		.short	7224
 5038 10a2 1C38     		.short	14364
 5039 10a4 0000     		.short	0
 5040 10a6 0000     		.short	0
 5041 10a8 0000     		.short	0
 5042 10aa 0000     		.short	0
 5043 10ac 0000     		.short	0
 5044 10ae 0000     		.short	0
 5045 10b0 0000     		.short	0
 5046 10b2 0000     		.short	0
 5047 10b4 0000     		.short	0
 5048 10b6 0000     		.short	0
 5049 10b8 0000     		.short	0
 5050 10ba 0000     		.short	0
 5051 10bc 1830     		.short	12312
 5052 10be 3018     		.short	6192
 5053 10c0 3018     		.short	6192
 5054 10c2 7018     		.short	6256
 5055 10c4 600C     		.short	3168
 5056 10c6 600C     		.short	3168
 5057 10c8 E00C     		.short	3296
 5058 10ca C006     		.short	1728
 5059 10cc C006     		.short	1728
 5060 10ce 8003     		.short	896
 5061 10d0 8003     		.short	896
 5062 10d2 8003     		.short	896
 5063 10d4 8001     		.short	384
 5064 10d6 8001     		.short	384
 5065 10d8 C001     		.short	448
 5066 10da F000     		.short	240
 5067 10dc 7000     		.short	112
 5068 10de 0000     		.short	0
 5069 10e0 0000     		.short	0
 5070 10e2 0000     		.short	0
 5071 10e4 0000     		.short	0
ARM GAS  C:\Users\86133\AppData\Local\Temp\ccDgQJpj.s 			page 112


 5072 10e6 0000     		.short	0
 5073 10e8 0000     		.short	0
 5074 10ea 0000     		.short	0
 5075 10ec FC1F     		.short	8188
 5076 10ee FC1F     		.short	8188
 5077 10f0 000C     		.short	3072
 5078 10f2 0006     		.short	1536
 5079 10f4 0003     		.short	768
 5080 10f6 8001     		.short	384
 5081 10f8 C000     		.short	192
 5082 10fa 6000     		.short	96
 5083 10fc 3000     		.short	48
 5084 10fe 1800     		.short	24
 5085 1100 FC1F     		.short	8188
 5086 1102 FC1F     		.short	8188
 5087 1104 0000     		.short	0
 5088 1106 0000     		.short	0
 5089 1108 0000     		.short	0
 5090 110a 0000     		.short	0
 5091 110c 0000     		.short	0
 5092 110e 0000     		.short	0
 5093 1110 0000     		.short	0
 5094 1112 0003     		.short	768
 5095 1114 8001     		.short	384
 5096 1116 C000     		.short	192
 5097 1118 C000     		.short	192
 5098 111a C000     		.short	192
 5099 111c C000     		.short	192
 5100 111e C000     		.short	192
 5101 1120 C000     		.short	192
 5102 1122 6000     		.short	96
 5103 1124 6000     		.short	96
 5104 1126 3000     		.short	48
 5105 1128 6000     		.short	96
 5106 112a 4000     		.short	64
 5107 112c C000     		.short	192
 5108 112e C000     		.short	192
 5109 1130 C000     		.short	192
 5110 1132 C000     		.short	192
 5111 1134 C000     		.short	192
 5112 1136 C000     		.short	192
 5113 1138 8001     		.short	384
 5114 113a 0003     		.short	768
 5115 113c 0000     		.short	0
 5116 113e 0000     		.short	0
 5117 1140 0000     		.short	0
 5118 1142 8001     		.short	384
 5119 1144 8001     		.short	384
 5120 1146 8001     		.short	384
 5121 1148 8001     		.short	384
 5122 114a 8001     		.short	384
 5123 114c 8001     		.short	384
 5124 114e 8001     		.short	384
 5125 1150 8001     		.short	384
 5126 1152 8001     		.short	384
 5127 1154 8001     		.short	384
 5128 1156 8001     		.short	384
ARM GAS  C:\Users\86133\AppData\Local\Temp\ccDgQJpj.s 			page 113


 5129 1158 8001     		.short	384
 5130 115a 8001     		.short	384
 5131 115c 8001     		.short	384
 5132 115e 8001     		.short	384
 5133 1160 8001     		.short	384
 5134 1162 8001     		.short	384
 5135 1164 8001     		.short	384
 5136 1166 8001     		.short	384
 5137 1168 8001     		.short	384
 5138 116a 8001     		.short	384
 5139 116c 8001     		.short	384
 5140 116e 0000     		.short	0
 5141 1170 0000     		.short	0
 5142 1172 6000     		.short	96
 5143 1174 C000     		.short	192
 5144 1176 C001     		.short	448
 5145 1178 8001     		.short	384
 5146 117a 8001     		.short	384
 5147 117c 8001     		.short	384
 5148 117e 8001     		.short	384
 5149 1180 8001     		.short	384
 5150 1182 0003     		.short	768
 5151 1184 0003     		.short	768
 5152 1186 0006     		.short	1536
 5153 1188 0003     		.short	768
 5154 118a 0001     		.short	256
 5155 118c 8001     		.short	384
 5156 118e 8001     		.short	384
 5157 1190 8001     		.short	384
 5158 1192 8001     		.short	384
 5159 1194 8001     		.short	384
 5160 1196 8001     		.short	384
 5161 1198 C000     		.short	192
 5162 119a 6000     		.short	96
 5163 119c 0000     		.short	0
 5164 119e 0000     		.short	0
 5165 11a0 0000     		.short	0
 5166 11a2 0000     		.short	0
 5167 11a4 0000     		.short	0
 5168 11a6 0000     		.short	0
 5169 11a8 0000     		.short	0
 5170 11aa 0000     		.short	0
 5171 11ac 0000     		.short	0
 5172 11ae 0000     		.short	0
 5173 11b0 F010     		.short	4336
 5174 11b2 F81F     		.short	8184
 5175 11b4 080F     		.short	3848
 5176 11b6 0000     		.short	0
 5177 11b8 0000     		.short	0
 5178 11ba 0000     		.short	0
 5179 11bc 0000     		.short	0
 5180 11be 0000     		.short	0
 5181 11c0 0000     		.short	0
 5182 11c2 0000     		.short	0
 5183 11c4 0000     		.short	0
 5184 11c6 0000     		.short	0
 5185 11c8 0000     		.short	0
ARM GAS  C:\Users\86133\AppData\Local\Temp\ccDgQJpj.s 			page 114


 5186 11ca 0000     		.short	0
 5187 11cc 0000     		.short	0
 5188 11ce 0000     		.short	0
 5189              		.text
 5190              	.Letext0:
 5191              		.file 2 "c:\\arm\\gcc-arm-none-eabi\\10_2021.10\\arm-none-eabi\\include\\machine\\_default_types.h
 5192              		.file 3 "c:\\arm\\gcc-arm-none-eabi\\10_2021.10\\arm-none-eabi\\include\\sys\\_stdint.h"
 5193              		.file 4 "Drivers/CMSIS/Device/ST/STM32G4xx/Include/stm32g431xx.h"
 5194              		.file 5 "Drivers/STM32G4xx_HAL_Driver/Inc/stm32g4xx_hal_gpio.h"
 5195              		.file 6 "Core/Inc/lcd.h"
 5196              		.file 7 "Core/Inc/fonts.h"
 5197              		.file 8 "Drivers/STM32G4xx_HAL_Driver/Inc/stm32g4xx_hal.h"
ARM GAS  C:\Users\86133\AppData\Local\Temp\ccDgQJpj.s 			page 115


DEFINED SYMBOLS
                            *ABS*:00000000 lcd.c
C:\Users\86133\AppData\Local\Temp\ccDgQJpj.s:20     .text.Delay_LCD:00000000 $t
C:\Users\86133\AppData\Local\Temp\ccDgQJpj.s:26     .text.Delay_LCD:00000000 Delay_LCD
C:\Users\86133\AppData\Local\Temp\ccDgQJpj.s:77     .text.LCD_SetTextColor:00000000 $t
C:\Users\86133\AppData\Local\Temp\ccDgQJpj.s:83     .text.LCD_SetTextColor:00000000 LCD_SetTextColor
C:\Users\86133\AppData\Local\Temp\ccDgQJpj.s:111    .text.LCD_SetTextColor:00000014 $d
C:\Users\86133\AppData\Local\Temp\ccDgQJpj.s:116    .text.LCD_SetBackColor:00000000 $t
C:\Users\86133\AppData\Local\Temp\ccDgQJpj.s:122    .text.LCD_SetBackColor:00000000 LCD_SetBackColor
C:\Users\86133\AppData\Local\Temp\ccDgQJpj.s:150    .text.LCD_SetBackColor:00000014 $d
C:\Users\86133\AppData\Local\Temp\ccDgQJpj.s:155    .text.LCD_WriteReg:00000000 $t
C:\Users\86133\AppData\Local\Temp\ccDgQJpj.s:161    .text.LCD_WriteReg:00000000 LCD_WriteReg
C:\Users\86133\AppData\Local\Temp\ccDgQJpj.s:266    .text.LCD_WriteReg:00000064 $d
C:\Users\86133\AppData\Local\Temp\ccDgQJpj.s:272    .text.REG_8230_Init:00000000 $t
C:\Users\86133\AppData\Local\Temp\ccDgQJpj.s:278    .text.REG_8230_Init:00000000 REG_8230_Init
C:\Users\86133\AppData\Local\Temp\ccDgQJpj.s:441    .text.REG_932X_Init:00000000 $t
C:\Users\86133\AppData\Local\Temp\ccDgQJpj.s:447    .text.REG_932X_Init:00000000 REG_932X_Init
C:\Users\86133\AppData\Local\Temp\ccDgQJpj.s:760    .text.LCD_SetCursor:00000000 $t
C:\Users\86133\AppData\Local\Temp\ccDgQJpj.s:766    .text.LCD_SetCursor:00000000 LCD_SetCursor
C:\Users\86133\AppData\Local\Temp\ccDgQJpj.s:800    .text.LCD_SetDisplayWindow:00000000 $t
C:\Users\86133\AppData\Local\Temp\ccDgQJpj.s:806    .text.LCD_SetDisplayWindow:00000000 LCD_SetDisplayWindow
C:\Users\86133\AppData\Local\Temp\ccDgQJpj.s:899    .text.LCD_WindowModeDisable:00000000 $t
C:\Users\86133\AppData\Local\Temp\ccDgQJpj.s:905    .text.LCD_WindowModeDisable:00000000 LCD_WindowModeDisable
C:\Users\86133\AppData\Local\Temp\ccDgQJpj.s:934    .text.LCD_WriteRAM_Prepare:00000000 $t
C:\Users\86133\AppData\Local\Temp\ccDgQJpj.s:940    .text.LCD_WriteRAM_Prepare:00000000 LCD_WriteRAM_Prepare
C:\Users\86133\AppData\Local\Temp\ccDgQJpj.s:1023   .text.LCD_WriteRAM_Prepare:00000050 $d
C:\Users\86133\AppData\Local\Temp\ccDgQJpj.s:1029   .text.LCD_WriteRAM:00000000 $t
C:\Users\86133\AppData\Local\Temp\ccDgQJpj.s:1035   .text.LCD_WriteRAM:00000000 LCD_WriteRAM
C:\Users\86133\AppData\Local\Temp\ccDgQJpj.s:1118   .text.LCD_WriteRAM:0000004c $d
C:\Users\86133\AppData\Local\Temp\ccDgQJpj.s:1124   .text.LCD_Clear:00000000 $t
C:\Users\86133\AppData\Local\Temp\ccDgQJpj.s:1130   .text.LCD_Clear:00000000 LCD_Clear
C:\Users\86133\AppData\Local\Temp\ccDgQJpj.s:1185   .text.LCD_DrawChar:00000000 $t
C:\Users\86133\AppData\Local\Temp\ccDgQJpj.s:1191   .text.LCD_DrawChar:00000000 LCD_DrawChar
C:\Users\86133\AppData\Local\Temp\ccDgQJpj.s:1295   .text.LCD_DrawChar:00000058 $d
C:\Users\86133\AppData\Local\Temp\ccDgQJpj.s:1301   .text.LCD_DisplayChar:00000000 $t
C:\Users\86133\AppData\Local\Temp\ccDgQJpj.s:1307   .text.LCD_DisplayChar:00000000 LCD_DisplayChar
C:\Users\86133\AppData\Local\Temp\ccDgQJpj.s:1341   .text.LCD_DisplayChar:00000018 $d
C:\Users\86133\AppData\Local\Temp\ccDgQJpj.s:2908   .rodata.ASCII_Table:00000000 ASCII_Table
C:\Users\86133\AppData\Local\Temp\ccDgQJpj.s:1346   .text.LCD_DisplayStringLine:00000000 $t
C:\Users\86133\AppData\Local\Temp\ccDgQJpj.s:1352   .text.LCD_DisplayStringLine:00000000 LCD_DisplayStringLine
C:\Users\86133\AppData\Local\Temp\ccDgQJpj.s:1420   .rodata.LCD_ClearLine.str1.4:00000000 $d
C:\Users\86133\AppData\Local\Temp\ccDgQJpj.s:1424   .text.LCD_ClearLine:00000000 $t
C:\Users\86133\AppData\Local\Temp\ccDgQJpj.s:1430   .text.LCD_ClearLine:00000000 LCD_ClearLine
C:\Users\86133\AppData\Local\Temp\ccDgQJpj.s:1452   .text.LCD_ClearLine:0000000c $d
C:\Users\86133\AppData\Local\Temp\ccDgQJpj.s:1457   .text.LCD_DrawLine:00000000 $t
C:\Users\86133\AppData\Local\Temp\ccDgQJpj.s:1463   .text.LCD_DrawLine:00000000 LCD_DrawLine
C:\Users\86133\AppData\Local\Temp\ccDgQJpj.s:1561   .text.LCD_DrawLine:00000050 $d
C:\Users\86133\AppData\Local\Temp\ccDgQJpj.s:1566   .text.LCD_DrawRect:00000000 $t
C:\Users\86133\AppData\Local\Temp\ccDgQJpj.s:1572   .text.LCD_DrawRect:00000000 LCD_DrawRect
C:\Users\86133\AppData\Local\Temp\ccDgQJpj.s:1636   .text.LCD_DrawCircle:00000000 $t
C:\Users\86133\AppData\Local\Temp\ccDgQJpj.s:1642   .text.LCD_DrawCircle:00000000 LCD_DrawCircle
C:\Users\86133\AppData\Local\Temp\ccDgQJpj.s:1868   .text.LCD_DrawCircle:00000134 $d
C:\Users\86133\AppData\Local\Temp\ccDgQJpj.s:1873   .text.LCD_DrawMonoPict:00000000 $t
C:\Users\86133\AppData\Local\Temp\ccDgQJpj.s:1879   .text.LCD_DrawMonoPict:00000000 LCD_DrawMonoPict
C:\Users\86133\AppData\Local\Temp\ccDgQJpj.s:1967   .text.LCD_DrawMonoPict:0000004c $d
C:\Users\86133\AppData\Local\Temp\ccDgQJpj.s:1973   .text.LCD_WriteBMP:00000000 $t
C:\Users\86133\AppData\Local\Temp\ccDgQJpj.s:1979   .text.LCD_WriteBMP:00000000 LCD_WriteBMP
ARM GAS  C:\Users\86133\AppData\Local\Temp\ccDgQJpj.s 			page 116


C:\Users\86133\AppData\Local\Temp\ccDgQJpj.s:2073   .text.LCD_PowerOn:00000000 $t
C:\Users\86133\AppData\Local\Temp\ccDgQJpj.s:2079   .text.LCD_PowerOn:00000000 LCD_PowerOn
C:\Users\86133\AppData\Local\Temp\ccDgQJpj.s:2150   .text.LCD_DisplayOn:00000000 $t
C:\Users\86133\AppData\Local\Temp\ccDgQJpj.s:2156   .text.LCD_DisplayOn:00000000 LCD_DisplayOn
C:\Users\86133\AppData\Local\Temp\ccDgQJpj.s:2178   .text.LCD_DisplayOff:00000000 $t
C:\Users\86133\AppData\Local\Temp\ccDgQJpj.s:2184   .text.LCD_DisplayOff:00000000 LCD_DisplayOff
C:\Users\86133\AppData\Local\Temp\ccDgQJpj.s:2206   .text.LCD_BusIn:00000000 $t
C:\Users\86133\AppData\Local\Temp\ccDgQJpj.s:2212   .text.LCD_BusIn:00000000 LCD_BusIn
C:\Users\86133\AppData\Local\Temp\ccDgQJpj.s:2257   .text.LCD_BusIn:00000028 $d
C:\Users\86133\AppData\Local\Temp\ccDgQJpj.s:2262   .text.LCD_BusOut:00000000 $t
C:\Users\86133\AppData\Local\Temp\ccDgQJpj.s:2268   .text.LCD_BusOut:00000000 LCD_BusOut
C:\Users\86133\AppData\Local\Temp\ccDgQJpj.s:2316   .text.LCD_BusOut:0000002c $d
C:\Users\86133\AppData\Local\Temp\ccDgQJpj.s:2321   .text.LCD_ReadReg:00000000 $t
C:\Users\86133\AppData\Local\Temp\ccDgQJpj.s:2327   .text.LCD_ReadReg:00000000 LCD_ReadReg
C:\Users\86133\AppData\Local\Temp\ccDgQJpj.s:2445   .text.LCD_ReadReg:00000070 $d
C:\Users\86133\AppData\Local\Temp\ccDgQJpj.s:2451   .text.LCD_ReadRAM:00000000 $t
C:\Users\86133\AppData\Local\Temp\ccDgQJpj.s:2457   .text.LCD_ReadRAM:00000000 LCD_ReadRAM
C:\Users\86133\AppData\Local\Temp\ccDgQJpj.s:2574   .text.LCD_ReadRAM:00000074 $d
C:\Users\86133\AppData\Local\Temp\ccDgQJpj.s:2580   .text.LCD_CtrlLinesConfig:00000000 $t
C:\Users\86133\AppData\Local\Temp\ccDgQJpj.s:2586   .text.LCD_CtrlLinesConfig:00000000 LCD_CtrlLinesConfig
C:\Users\86133\AppData\Local\Temp\ccDgQJpj.s:2713   .text.LCD_CtrlLinesConfig:00000090 $d
C:\Users\86133\AppData\Local\Temp\ccDgQJpj.s:2719   .text.LCD_Init:00000000 $t
C:\Users\86133\AppData\Local\Temp\ccDgQJpj.s:2725   .text.LCD_Init:00000000 LCD_Init
C:\Users\86133\AppData\Local\Temp\ccDgQJpj.s:2777   .text.LCD_Init:00000034 $d
C:\Users\86133\AppData\Local\Temp\ccDgQJpj.s:2782   .text.LCD_DrawPicture:00000000 $t
C:\Users\86133\AppData\Local\Temp\ccDgQJpj.s:2788   .text.LCD_DrawPicture:00000000 LCD_DrawPicture
C:\Users\86133\AppData\Local\Temp\ccDgQJpj.s:2848   .text.LCD_ShowString:00000000 $t
C:\Users\86133\AppData\Local\Temp\ccDgQJpj.s:2854   .text.LCD_ShowString:00000000 LCD_ShowString
C:\Users\86133\AppData\Local\Temp\ccDgQJpj.s:2895   .bss.dummy:00000000 dummy
C:\Users\86133\AppData\Local\Temp\ccDgQJpj.s:2884   .bss.TextColor:00000000 $d
C:\Users\86133\AppData\Local\Temp\ccDgQJpj.s:2888   .bss.TextColor:00000000 TextColor
C:\Users\86133\AppData\Local\Temp\ccDgQJpj.s:2891   .bss.dummy:00000000 $d
C:\Users\86133\AppData\Local\Temp\ccDgQJpj.s:2898   .data.BackColor:00000000 $d
C:\Users\86133\AppData\Local\Temp\ccDgQJpj.s:2902   .data.BackColor:00000000 BackColor
C:\Users\86133\AppData\Local\Temp\ccDgQJpj.s:2905   .rodata.ASCII_Table:00000000 $d

UNDEFINED SYMBOLS
HAL_Delay
HAL_GPIO_Init
